2026-09-10 15:05:03,205:WARNING:
'cuml' is a soft dependency and not included in the pycaret installation. Please run: `pip install cuml` to install.
2026-09-10 15:05:03,205:WARNING:
'cuml' is a soft dependency and not included in the pycaret installation. Please run: `pip install cuml` to install.
2026-09-10 15:05:03,205:WARNING:
'cuml' is a soft dependency and not included in the pycaret installation. Please run: `pip install cuml` to install.
2026-09-10 15:05:03,205:WARNING:
'cuml' is a soft dependency and not included in the pycaret installation. Please run: `pip install cuml` to install.
2026-09-10 15:05:36,955:WARNING:
'cuml' is a soft dependency and not included in the pycaret installation. Please run: `pip install cuml` to install.
2026-09-10 15:05:36,955:WARNING:
'cuml' is a soft dependency and not included in the pycaret installation. Please run: `pip install cuml` to install.
2026-09-10 15:05:36,955:WARNING:
'cuml' is a soft dependency and not included in the pycaret installation. Please run: `pip install cuml` to install.
2026-09-10 15:05:36,955:WARNING:
'cuml' is a soft dependency and not included in the pycaret installation. Please run: `pip install cuml` to install.
2026-09-10 15:05:58,031:WARNING:
'cuml' is a soft dependency and not included in the pycaret installation. Please run: `pip install cuml` to install.
2026-09-10 15:05:58,032:WARNING:
'cuml' is a soft dependency and not included in the pycaret installation. Please run: `pip install cuml` to install.
2026-09-10 15:05:58,033:WARNING:
'cuml' is a soft dependency and not included in the pycaret installation. Please run: `pip install cuml` to install.
2026-09-10 15:05:58,033:WARNING:
'cuml' is a soft dependency and not included in the pycaret installation. Please run: `pip install cuml` to install.
2026-09-10 15:07:02,668:WARNING:
'cuml' is a soft dependency and not included in the pycaret installation. Please run: `pip install cuml` to install.
2026-09-10 15:07:02,668:WARNING:
'cuml' is a soft dependency and not included in the pycaret installation. Please run: `pip install cuml` to install.
2026-09-10 15:07:02,668:WARNING:
'cuml' is a soft dependency and not included in the pycaret installation. Please run: `pip install cuml` to install.
2026-09-10 15:07:02,668:WARNING:
'cuml' is a soft dependency and not included in the pycaret installation. Please run: `pip install cuml` to install.
2026-09-10 15:17:27,583:WARNING:
'cuml' is a soft dependency and not included in the pycaret installation. Please run: `pip install cuml` to install.
2026-09-10 15:17:27,583:WARNING:
'cuml' is a soft dependency and not included in the pycaret installation. Please run: `pip install cuml` to install.
2026-09-10 15:17:27,583:WARNING:
'cuml' is a soft dependency and not included in the pycaret installation. Please run: `pip install cuml` to install.
2026-09-10 15:17:27,583:WARNING:
'cuml' is a soft dependency and not included in the pycaret installation. Please run: `pip install cuml` to install.
2026-09-11 11:50:59,389:WARNING:
'cuml' is a soft dependency and not included in the pycaret installation. Please run: `pip install cuml` to install.
2026-09-11 11:50:59,389:WARNING:
'cuml' is a soft dependency and not included in the pycaret installation. Please run: `pip install cuml` to install.
2026-09-11 11:50:59,389:WARNING:
'cuml' is a soft dependency and not included in the pycaret installation. Please run: `pip install cuml` to install.
2026-09-11 11:50:59,389:WARNING:
'cuml' is a soft dependency and not included in the pycaret installation. Please run: `pip install cuml` to install.
2026-09-11 11:52:14,363:WARNING:C:\Users\jenny\AppData\Local\Programs\Python\Python310\lib\tkinter\__init__.py:839: UserWarning: Creating legend with loc="best" can be slow with large amounts of data.
  func(*args)

2026-09-11 12:07:46,590:WARNING:
'cuml' is a soft dependency and not included in the pycaret installation. Please run: `pip install cuml` to install.
2026-09-11 12:07:46,591:WARNING:
'cuml' is a soft dependency and not included in the pycaret installation. Please run: `pip install cuml` to install.
2026-09-11 12:07:46,591:WARNING:
'cuml' is a soft dependency and not included in the pycaret installation. Please run: `pip install cuml` to install.
2026-09-11 12:07:46,591:WARNING:
'cuml' is a soft dependency and not included in the pycaret installation. Please run: `pip install cuml` to install.
2026-09-11 12:28:20,815:WARNING:
'cuml' is a soft dependency and not included in the pycaret installation. Please run: `pip install cuml` to install.
2026-09-11 12:28:20,815:WARNING:
'cuml' is a soft dependency and not included in the pycaret installation. Please run: `pip install cuml` to install.
2026-09-11 12:28:20,815:WARNING:
'cuml' is a soft dependency and not included in the pycaret installation. Please run: `pip install cuml` to install.
2026-09-11 12:28:20,815:WARNING:
'cuml' is a soft dependency and not included in the pycaret installation. Please run: `pip install cuml` to install.
2026-09-11 12:59:19,011:WARNING:
'cuml' is a soft dependency and not included in the pycaret installation. Please run: `pip install cuml` to install.
2026-09-11 12:59:19,011:WARNING:
'cuml' is a soft dependency and not included in the pycaret installation. Please run: `pip install cuml` to install.
2026-09-11 12:59:19,011:WARNING:
'cuml' is a soft dependency and not included in the pycaret installation. Please run: `pip install cuml` to install.
2026-09-11 12:59:19,011:WARNING:
'cuml' is a soft dependency and not included in the pycaret installation. Please run: `pip install cuml` to install.
2026-09-11 13:58:37,981:WARNING:
'cuml' is a soft dependency and not included in the pycaret installation. Please run: `pip install cuml` to install.
2026-09-11 13:58:37,981:WARNING:
'cuml' is a soft dependency and not included in the pycaret installation. Please run: `pip install cuml` to install.
2026-09-11 13:58:37,981:WARNING:
'cuml' is a soft dependency and not included in the pycaret installation. Please run: `pip install cuml` to install.
2026-09-11 13:58:37,981:WARNING:
'cuml' is a soft dependency and not included in the pycaret installation. Please run: `pip install cuml` to install.
2026-09-11 14:01:10,601:WARNING:
'cuml' is a soft dependency and not included in the pycaret installation. Please run: `pip install cuml` to install.
2026-09-11 14:01:10,601:WARNING:
'cuml' is a soft dependency and not included in the pycaret installation. Please run: `pip install cuml` to install.
2026-09-11 14:01:10,601:WARNING:
'cuml' is a soft dependency and not included in the pycaret installation. Please run: `pip install cuml` to install.
2026-09-11 14:01:10,601:WARNING:
'cuml' is a soft dependency and not included in the pycaret installation. Please run: `pip install cuml` to install.
2026-09-11 14:01:31,162:INFO:PyCaret ClassificationExperiment
2026-09-11 14:01:31,162:INFO:Logging name: clf-default-name
2026-09-11 14:01:31,162:INFO:ML Usecase: MLUsecase.CLASSIFICATION
2026-09-11 14:01:31,162:INFO:version 3.3.2
2026-09-11 14:01:31,162:INFO:Initializing setup()
2026-09-11 14:01:31,162:INFO:self.USI: 2512
2026-09-11 14:01:31,162:INFO:self._variable_keys: {'X_test', 'n_jobs_param', 'target_param', '_ml_usecase', 'html_param', 'fold_generator', 'fold_groups_param', 'logging_param', 'is_multiclass', 'gpu_param', 'memory', 'fold_shuffle_param', 'USI', 'y_train', 'X', 'gpu_n_jobs_param', 'seed', 'fix_imbalance', 'X_train', 'y', 'exp_name_log', '_available_plots', 'log_plots_param', 'pipeline', 'exp_id', 'idx', 'data', 'y_test'}
2026-09-11 14:01:31,162:INFO:Checking environment
2026-09-11 14:01:31,162:INFO:python_version: 3.10.5
2026-09-11 14:01:31,162:INFO:python_build: ('tags/v3.10.5:f377153', 'Jun  6 2022 16:14:13')
2026-09-11 14:01:31,162:INFO:machine: AMD64
2026-09-11 14:01:31,182:INFO:platform: Windows-10-10.0.26200-SP0
2026-09-11 14:01:31,183:INFO:Memory: svmem(total=16749838336, available=3046809600, percent=81.8, used=13703028736, free=3046809600)
2026-09-11 14:01:31,184:INFO:Physical Core: 12
2026-09-11 14:01:31,184:INFO:Logical Core: 12
2026-09-11 14:01:31,184:INFO:Checking libraries
2026-09-11 14:01:31,184:INFO:System:
2026-09-11 14:01:31,184:INFO:    python: 3.10.5 (tags/v3.10.5:f377153, Jun  6 2022, 16:14:13) [MSC v.1929 64 bit (AMD64)]
2026-09-11 14:01:31,184:INFO:executable: C:\Users\jenny\AppData\Local\Programs\Python\Python310\python.exe
2026-09-11 14:01:31,184:INFO:   machine: Windows-10-10.0.26200-SP0
2026-09-11 14:01:31,184:INFO:PyCaret required dependencies:
2026-09-11 14:01:31,257:INFO:                 pip: 22.0.4
2026-09-11 14:01:31,257:INFO:          setuptools: 58.1.0
2026-09-11 14:01:31,257:INFO:             pycaret: 3.3.2
2026-09-11 14:01:31,257:INFO:             IPython: 8.37.0
2026-09-11 14:01:31,257:INFO:          ipywidgets: 8.1.9
2026-09-11 14:01:31,257:INFO:                tqdm: 4.67.1
2026-09-11 14:01:31,257:INFO:               numpy: 1.26.4
2026-09-11 14:01:31,257:INFO:              pandas: 2.1.4
2026-09-11 14:01:31,257:INFO:              jinja2: 3.1.6
2026-09-11 14:01:31,257:INFO:               scipy: 1.11.4
2026-09-11 14:01:31,257:INFO:              joblib: 1.3.2
2026-09-11 14:01:31,257:INFO:             sklearn: 1.4.2
2026-09-11 14:01:31,257:INFO:                pyod: 3.4.0
2026-09-11 14:01:31,257:INFO:            imblearn: 0.14.2
2026-09-11 14:01:31,257:INFO:   category_encoders: 2.7.0
2026-09-11 14:01:31,257:INFO:            lightgbm: 4.7.0
2026-09-11 14:01:31,257:INFO:               numba: 0.62.1
2026-09-11 14:01:31,257:INFO:            requests: 2.32.5
2026-09-11 14:01:31,257:INFO:          matplotlib: 3.7.5
2026-09-11 14:01:31,257:INFO:          scikitplot: 0.3.7
2026-09-11 14:01:31,257:INFO:         yellowbrick: 1.5
2026-09-11 14:01:31,257:INFO:              plotly: 6.9.0
2026-09-11 14:01:31,257:INFO:    plotly-resampler: Not installed
2026-09-11 14:01:31,257:INFO:             kaleido: 1.4.0
2026-09-11 14:01:31,257:INFO:           schemdraw: 0.15
2026-09-11 14:01:31,257:INFO:         statsmodels: 0.14.6
2026-09-11 14:01:31,257:INFO:              sktime: 0.26.0
2026-09-11 14:01:31,257:INFO:               tbats: 1.1.3
2026-09-11 14:01:31,257:INFO:            pmdarima: 2.0.4
2026-09-11 14:01:31,257:INFO:              psutil: 7.1.1
2026-09-11 14:01:31,257:INFO:          markupsafe: 3.0.3
2026-09-11 14:01:31,257:INFO:             pickle5: Not installed
2026-09-11 14:01:31,257:INFO:         cloudpickle: 3.1.2
2026-09-11 14:01:31,257:INFO:         deprecation: 2.1.0
2026-09-11 14:01:31,257:INFO:              xxhash: 4.0.1
2026-09-11 14:01:31,257:INFO:           wurlitzer: Not installed
2026-09-11 14:01:31,257:INFO:PyCaret optional dependencies:
2026-09-11 14:01:31,275:INFO:                shap: Not installed
2026-09-11 14:01:31,275:INFO:           interpret: Not installed
2026-09-11 14:01:31,275:INFO:                umap: Not installed
2026-09-11 14:01:31,275:INFO:     ydata_profiling: 4.18.0
2026-09-11 14:01:31,275:INFO:  explainerdashboard: Not installed
2026-09-11 14:01:31,275:INFO:             autoviz: Not installed
2026-09-11 14:01:31,275:INFO:           fairlearn: Not installed
2026-09-11 14:01:31,275:INFO:          deepchecks: Not installed
2026-09-11 14:01:31,275:INFO:             xgboost: Not installed
2026-09-11 14:01:31,275:INFO:            catboost: Not installed
2026-09-11 14:01:31,275:INFO:              kmodes: Not installed
2026-09-11 14:01:31,275:INFO:             mlxtend: Not installed
2026-09-11 14:01:31,275:INFO:       statsforecast: Not installed
2026-09-11 14:01:31,275:INFO:        tune_sklearn: Not installed
2026-09-11 14:01:31,275:INFO:                 ray: Not installed
2026-09-11 14:01:31,275:INFO:            hyperopt: Not installed
2026-09-11 14:01:31,275:INFO:              optuna: Not installed
2026-09-11 14:01:31,275:INFO:               skopt: Not installed
2026-09-11 14:01:31,275:INFO:              mlflow: Not installed
2026-09-11 14:01:31,275:INFO:              gradio: Not installed
2026-09-11 14:01:31,275:INFO:             fastapi: Not installed
2026-09-11 14:01:31,275:INFO:             uvicorn: Not installed
2026-09-11 14:01:31,275:INFO:              m2cgen: Not installed
2026-09-11 14:01:31,275:INFO:           evidently: Not installed
2026-09-11 14:01:31,275:INFO:               fugue: Not installed
2026-09-11 14:01:31,275:INFO:           streamlit: Not installed
2026-09-11 14:01:31,275:INFO:             prophet: Not installed
2026-09-11 14:01:31,275:INFO:None
2026-09-11 14:01:31,275:INFO:Set up data.
2026-09-11 14:01:31,275:INFO:Set up folding strategy.
2026-09-11 14:01:31,275:INFO:Set up train/test split.
2026-09-11 14:01:31,292:INFO:Set up index.
2026-09-11 14:01:31,292:INFO:Assigning column types.
2026-09-11 14:01:31,310:INFO:Engine successfully changes for model 'lr' to 'sklearn'.
2026-09-11 14:01:31,341:INFO:Engine for model 'knn' has not been set explicitly, hence returning None.
2026-09-11 14:01:31,341:INFO:Engine for model 'rbfsvm' has not been set explicitly, hence returning None.
2026-09-11 14:01:31,374:WARNING:
'xgboost' is a soft dependency and not included in the pycaret installation. Please run: `pip install xgboost` to install.
Alternately, you can install this by running `pip install pycaret[models]`
2026-09-11 14:01:31,374:WARNING:
'catboost' is a soft dependency and not included in the pycaret installation. Please run: `pip install catboost` to install.
Alternately, you can install this by running `pip install pycaret[models]`
2026-09-11 14:01:31,405:INFO:Engine for model 'knn' has not been set explicitly, hence returning None.
2026-09-11 14:01:31,405:INFO:Engine for model 'rbfsvm' has not been set explicitly, hence returning None.
2026-09-11 14:01:31,427:WARNING:
'xgboost' is a soft dependency and not included in the pycaret installation. Please run: `pip install xgboost` to install.
Alternately, you can install this by running `pip install pycaret[models]`
2026-09-11 14:01:31,427:WARNING:
'catboost' is a soft dependency and not included in the pycaret installation. Please run: `pip install catboost` to install.
Alternately, you can install this by running `pip install pycaret[models]`
2026-09-11 14:01:31,427:INFO:Engine successfully changes for model 'knn' to 'sklearn'.
2026-09-11 14:01:31,460:INFO:Engine for model 'rbfsvm' has not been set explicitly, hence returning None.
2026-09-11 14:01:31,480:WARNING:
'xgboost' is a soft dependency and not included in the pycaret installation. Please run: `pip install xgboost` to install.
Alternately, you can install this by running `pip install pycaret[models]`
2026-09-11 14:01:31,480:WARNING:
'catboost' is a soft dependency and not included in the pycaret installation. Please run: `pip install catboost` to install.
Alternately, you can install this by running `pip install pycaret[models]`
2026-09-11 14:01:31,513:INFO:Engine for model 'rbfsvm' has not been set explicitly, hence returning None.
2026-09-11 14:01:31,533:WARNING:
'xgboost' is a soft dependency and not included in the pycaret installation. Please run: `pip install xgboost` to install.
Alternately, you can install this by running `pip install pycaret[models]`
2026-09-11 14:01:31,533:WARNING:
'catboost' is a soft dependency and not included in the pycaret installation. Please run: `pip install catboost` to install.
Alternately, you can install this by running `pip install pycaret[models]`
2026-09-11 14:01:31,534:INFO:Engine successfully changes for model 'rbfsvm' to 'sklearn'.
2026-09-11 14:01:31,586:WARNING:
'xgboost' is a soft dependency and not included in the pycaret installation. Please run: `pip install xgboost` to install.
Alternately, you can install this by running `pip install pycaret[models]`
2026-09-11 14:01:31,587:WARNING:
'catboost' is a soft dependency and not included in the pycaret installation. Please run: `pip install catboost` to install.
Alternately, you can install this by running `pip install pycaret[models]`
2026-09-11 14:01:31,639:WARNING:
'xgboost' is a soft dependency and not included in the pycaret installation. Please run: `pip install xgboost` to install.
Alternately, you can install this by running `pip install pycaret[models]`
2026-09-11 14:01:31,640:WARNING:
'catboost' is a soft dependency and not included in the pycaret installation. Please run: `pip install catboost` to install.
Alternately, you can install this by running `pip install pycaret[models]`
2026-09-11 14:01:31,643:INFO:Preparing preprocessing pipeline...
2026-09-11 14:01:31,648:INFO:Set up simple imputation.
2026-09-11 14:01:31,649:INFO:Set up column name cleaning.
2026-09-11 14:01:31,693:INFO:Finished creating preprocessing pipeline.
2026-09-11 14:01:31,695:INFO:Pipeline: Pipeline(memory=FastMemory(location=C:\Users\jenny\AppData\Local\Temp\joblib),
         steps=[('numerical_imputer',
                 TransformerWrapper(exclude=None,
                                    include=['grade', 'obsnum',
                                             'totalobs-forsession',
                                             'transitions', 'numactivities',
                                             'formatchanges', 'numformats',
                                             'obsv/act',
                                             'transitions/durations',
                                             'total time'],
                                    transformer=SimpleImputer(add_indicator=False,
                                                              copy=True,
                                                              f...
                ('categorical_imputer',
                 TransformerWrapper(exclude=None, include=[],
                                    transformer=SimpleImputer(add_indicator=False,
                                                              copy=True,
                                                              fill_value=None,
                                                              keep_empty_features=False,
                                                              missing_values=nan,
                                                              strategy='most_frequent'))),
                ('clean_column_names',
                 TransformerWrapper(exclude=None, include=None,
                                    transformer=CleanColumnNames(match='[\\]\\[\\,\\{\\}\\"\\:]+')))],
         verbose=False)
2026-09-11 14:01:31,695:INFO:Creating final display dataframe.
2026-09-11 14:01:31,795:INFO:Setup _display_container:                     Description             Value
0                    Session id              4344
1                        Target            ontask
2                   Target type            Binary
3           Original data shape       (22184, 17)
4        Transformed data shape       (22184, 17)
5   Transformed train set shape       (15528, 17)
6    Transformed test set shape        (6656, 17)
7              Numeric features                10
8                    Preprocess              True
9               Imputation type            simple
10           Numeric imputation              mean
11       Categorical imputation              mode
12               Fold Generator   StratifiedKFold
13                  Fold Number                10
14                     CPU Jobs                -1
15                      Use GPU             False
16               Log Experiment             False
17              Experiment Name  clf-default-name
18                          USI              2512
2026-09-11 14:01:31,855:WARNING:
'xgboost' is a soft dependency and not included in the pycaret installation. Please run: `pip install xgboost` to install.
Alternately, you can install this by running `pip install pycaret[models]`
2026-09-11 14:01:31,856:WARNING:
'catboost' is a soft dependency and not included in the pycaret installation. Please run: `pip install catboost` to install.
Alternately, you can install this by running `pip install pycaret[models]`
2026-09-11 14:01:31,909:WARNING:
'xgboost' is a soft dependency and not included in the pycaret installation. Please run: `pip install xgboost` to install.
Alternately, you can install this by running `pip install pycaret[models]`
2026-09-11 14:01:31,909:WARNING:
'catboost' is a soft dependency and not included in the pycaret installation. Please run: `pip install catboost` to install.
Alternately, you can install this by running `pip install pycaret[models]`
2026-09-11 14:01:31,909:INFO:setup() successfully completed in 0.75s...............
2026-09-11 14:01:31,909:INFO:Initializing compare_models()
2026-09-11 14:01:31,909:INFO:compare_models(self=<pycaret.classification.oop.ClassificationExperiment object at 0x0000027188080550>, include=None, fold=None, round=4, cross_validation=True, sort=Accuracy, n_select=1, budget_time=None, turbo=True, errors=ignore, fit_kwargs=None, groups=None, experiment_custom_tags=None, probability_threshold=None, verbose=True, parallel=None, caller_params={'self': <pycaret.classification.oop.ClassificationExperiment object at 0x0000027188080550>, 'include': None, 'exclude': None, 'fold': None, 'round': 4, 'cross_validation': True, 'sort': 'Accuracy', 'n_select': 1, 'budget_time': None, 'turbo': True, 'errors': 'ignore', 'fit_kwargs': None, 'groups': None, 'experiment_custom_tags': None, 'probability_threshold': None, 'engine': None, 'verbose': True, 'parallel': None, '__class__': <class 'pycaret.classification.oop.ClassificationExperiment'>}, exclude=None)
2026-09-11 14:01:31,909:INFO:Checking exceptions
2026-09-11 14:01:31,918:INFO:Preparing display monitor
2026-09-11 14:01:31,923:INFO:Initializing Logistic Regression
2026-09-11 14:01:31,923:INFO:Total runtime is 0.0 minutes
2026-09-11 14:01:31,923:INFO:SubProcess create_model() called ==================================
2026-09-11 14:01:31,923:INFO:Initializing create_model()
2026-09-11 14:01:31,923:INFO:create_model(self=<pycaret.classification.oop.ClassificationExperiment object at 0x0000027188080550>, estimator=lr, fold=StratifiedKFold(n_splits=10, random_state=None, shuffle=False), round=4, cross_validation=True, predict=True, fit_kwargs={}, groups=None, refit=False, probability_threshold=None, experiment_custom_tags=None, verbose=False, system=False, add_to_model_list=True, metrics=None, display=<pycaret.internal.display.display.CommonDisplay object at 0x0000027183001330>, model_only=True, return_train_score=False, error_score=0.0, kwargs={})
2026-09-11 14:01:31,923:INFO:Checking exceptions
2026-09-11 14:01:31,923:INFO:Importing libraries
2026-09-11 14:01:31,923:INFO:Copying training dataset
2026-09-11 14:01:31,934:INFO:Defining folds
2026-09-11 14:01:31,934:INFO:Declaring metric variables
2026-09-11 14:01:31,936:INFO:Importing untrained model
2026-09-11 14:01:31,936:INFO:Logistic Regression Imported successfully
2026-09-11 14:01:31,936:INFO:Starting cross validation
2026-09-11 14:01:31,936:INFO:Cross validating with StratifiedKFold(n_splits=10, random_state=None, shuffle=False), n_jobs=-1
2026-09-11 14:01:35,730:WARNING:C:\Users\jenny\AppData\Local\Programs\Python\Python310\lib\site-packages\sklearn\linear_model\_logistic.py:469: ConvergenceWarning: lbfgs failed to converge (status=1):
STOP: TOTAL NO. of ITERATIONS REACHED LIMIT.

Increase the number of iterations (max_iter) or scale the data as shown in:
    https://scikit-learn.org/stable/modules/preprocessing.html
Please also refer to the documentation for alternative solver options:
    https://scikit-learn.org/stable/modules/linear_model.html#logistic-regression
  n_iter_i = _check_optimize_result(

2026-09-11 14:01:35,730:WARNING:C:\Users\jenny\AppData\Local\Programs\Python\Python310\lib\site-packages\sklearn\linear_model\_logistic.py:469: ConvergenceWarning: lbfgs failed to converge (status=1):
STOP: TOTAL NO. of ITERATIONS REACHED LIMIT.

Increase the number of iterations (max_iter) or scale the data as shown in:
    https://scikit-learn.org/stable/modules/preprocessing.html
Please also refer to the documentation for alternative solver options:
    https://scikit-learn.org/stable/modules/linear_model.html#logistic-regression
  n_iter_i = _check_optimize_result(

2026-09-11 14:01:35,740:WARNING:C:\Users\jenny\AppData\Local\Programs\Python\Python310\lib\site-packages\sklearn\linear_model\_logistic.py:469: ConvergenceWarning: lbfgs failed to converge (status=1):
STOP: TOTAL NO. of ITERATIONS REACHED LIMIT.

Increase the number of iterations (max_iter) or scale the data as shown in:
    https://scikit-learn.org/stable/modules/preprocessing.html
Please also refer to the documentation for alternative solver options:
    https://scikit-learn.org/stable/modules/linear_model.html#logistic-regression
  n_iter_i = _check_optimize_result(

2026-09-11 14:01:35,767:WARNING:C:\Users\jenny\AppData\Local\Programs\Python\Python310\lib\site-packages\sklearn\linear_model\_logistic.py:469: ConvergenceWarning: lbfgs failed to converge (status=1):
STOP: TOTAL NO. of ITERATIONS REACHED LIMIT.

Increase the number of iterations (max_iter) or scale the data as shown in:
    https://scikit-learn.org/stable/modules/preprocessing.html
Please also refer to the documentation for alternative solver options:
    https://scikit-learn.org/stable/modules/linear_model.html#logistic-regression
  n_iter_i = _check_optimize_result(

2026-09-11 14:01:35,767:WARNING:C:\Users\jenny\AppData\Local\Programs\Python\Python310\lib\site-packages\sklearn\linear_model\_logistic.py:469: ConvergenceWarning: lbfgs failed to converge (status=1):
STOP: TOTAL NO. of ITERATIONS REACHED LIMIT.

Increase the number of iterations (max_iter) or scale the data as shown in:
    https://scikit-learn.org/stable/modules/preprocessing.html
Please also refer to the documentation for alternative solver options:
    https://scikit-learn.org/stable/modules/linear_model.html#logistic-regression
  n_iter_i = _check_optimize_result(

2026-09-11 14:01:35,767:WARNING:C:\Users\jenny\AppData\Local\Programs\Python\Python310\lib\site-packages\sklearn\metrics\_classification.py:1509: UndefinedMetricWarning: Precision is ill-defined and being set to 0.0 due to no predicted samples. Use `zero_division` parameter to control this behavior.
  _warn_prf(average, modifier, f"{metric.capitalize()} is", len(result))

2026-09-11 14:01:35,767:WARNING:C:\Users\jenny\AppData\Local\Programs\Python\Python310\lib\site-packages\sklearn\metrics\_classification.py:1509: UndefinedMetricWarning: Precision is ill-defined and being set to 0.0 due to no predicted samples. Use `zero_division` parameter to control this behavior.
  _warn_prf(average, modifier, f"{metric.capitalize()} is", len(result))

2026-09-11 14:01:35,767:WARNING:C:\Users\jenny\AppData\Local\Programs\Python\Python310\lib\site-packages\sklearn\metrics\_classification.py:1509: UndefinedMetricWarning: Precision is ill-defined and being set to 0.0 due to no predicted samples. Use `zero_division` parameter to control this behavior.
  _warn_prf(average, modifier, f"{metric.capitalize()} is", len(result))

2026-09-11 14:01:35,767:WARNING:C:\Users\jenny\AppData\Local\Programs\Python\Python310\lib\site-packages\sklearn\metrics\_classification.py:1509: UndefinedMetricWarning: Precision is ill-defined and being set to 0.0 due to no predicted samples. Use `zero_division` parameter to control this behavior.
  _warn_prf(average, modifier, f"{metric.capitalize()} is", len(result))

2026-09-11 14:01:35,776:WARNING:C:\Users\jenny\AppData\Local\Programs\Python\Python310\lib\site-packages\sklearn\linear_model\_logistic.py:469: ConvergenceWarning: lbfgs failed to converge (status=1):
STOP: TOTAL NO. of ITERATIONS REACHED LIMIT.

Increase the number of iterations (max_iter) or scale the data as shown in:
    https://scikit-learn.org/stable/modules/preprocessing.html
Please also refer to the documentation for alternative solver options:
    https://scikit-learn.org/stable/modules/linear_model.html#logistic-regression
  n_iter_i = _check_optimize_result(

2026-09-11 14:01:35,787:WARNING:C:\Users\jenny\AppData\Local\Programs\Python\Python310\lib\site-packages\sklearn\metrics\_classification.py:1509: UndefinedMetricWarning: Precision is ill-defined and being set to 0.0 due to no predicted samples. Use `zero_division` parameter to control this behavior.
  _warn_prf(average, modifier, f"{metric.capitalize()} is", len(result))

2026-09-11 14:01:35,791:WARNING:C:\Users\jenny\AppData\Local\Programs\Python\Python310\lib\site-packages\sklearn\linear_model\_logistic.py:469: ConvergenceWarning: lbfgs failed to converge (status=1):
STOP: TOTAL NO. of ITERATIONS REACHED LIMIT.

Increase the number of iterations (max_iter) or scale the data as shown in:
    https://scikit-learn.org/stable/modules/preprocessing.html
Please also refer to the documentation for alternative solver options:
    https://scikit-learn.org/stable/modules/linear_model.html#logistic-regression
  n_iter_i = _check_optimize_result(

2026-09-11 14:01:35,793:WARNING:C:\Users\jenny\AppData\Local\Programs\Python\Python310\lib\site-packages\sklearn\metrics\_classification.py:1509: UndefinedMetricWarning: Precision is ill-defined and being set to 0.0 due to no predicted samples. Use `zero_division` parameter to control this behavior.
  _warn_prf(average, modifier, f"{metric.capitalize()} is", len(result))

2026-09-11 14:01:35,797:WARNING:C:\Users\jenny\AppData\Local\Programs\Python\Python310\lib\site-packages\sklearn\metrics\_classification.py:1509: UndefinedMetricWarning: Precision is ill-defined and being set to 0.0 due to no predicted samples. Use `zero_division` parameter to control this behavior.
  _warn_prf(average, modifier, f"{metric.capitalize()} is", len(result))

2026-09-11 14:01:35,813:WARNING:C:\Users\jenny\AppData\Local\Programs\Python\Python310\lib\site-packages\sklearn\metrics\_classification.py:1509: UndefinedMetricWarning: Precision is ill-defined and being set to 0.0 due to no predicted samples. Use `zero_division` parameter to control this behavior.
  _warn_prf(average, modifier, f"{metric.capitalize()} is", len(result))

2026-09-11 14:01:35,841:INFO:Calculating mean and std
2026-09-11 14:01:35,841:INFO:Creating metrics dataframe
2026-09-11 14:01:35,849:INFO:Uploading results into container
2026-09-11 14:01:35,849:INFO:Uploading model into container now
2026-09-11 14:01:35,853:INFO:_master_model_container: 1
2026-09-11 14:01:35,853:INFO:_display_container: 2
2026-09-11 14:01:35,854:INFO:LogisticRegression(C=1.0, class_weight=None, dual=False, fit_intercept=True,
                   intercept_scaling=1, l1_ratio=None, max_iter=1000,
                   multi_class='auto', n_jobs=None, penalty='l2',
                   random_state=4344, solver='lbfgs', tol=0.0001, verbose=0,
                   warm_start=False)
2026-09-11 14:01:35,854:INFO:create_model() successfully completed......................................
2026-09-11 14:01:35,918:INFO:SubProcess create_model() end ==================================
2026-09-11 14:01:35,918:INFO:Creating metrics dataframe
2026-09-11 14:01:35,925:INFO:Initializing K Neighbors Classifier
2026-09-11 14:01:35,925:INFO:Total runtime is 0.06669317483901978 minutes
2026-09-11 14:01:35,925:INFO:SubProcess create_model() called ==================================
2026-09-11 14:01:35,925:INFO:Initializing create_model()
2026-09-11 14:01:35,925:INFO:create_model(self=<pycaret.classification.oop.ClassificationExperiment object at 0x0000027188080550>, estimator=knn, fold=StratifiedKFold(n_splits=10, random_state=None, shuffle=False), round=4, cross_validation=True, predict=True, fit_kwargs={}, groups=None, refit=False, probability_threshold=None, experiment_custom_tags=None, verbose=False, system=False, add_to_model_list=True, metrics=None, display=<pycaret.internal.display.display.CommonDisplay object at 0x0000027183001330>, model_only=True, return_train_score=False, error_score=0.0, kwargs={})
2026-09-11 14:01:35,925:INFO:Checking exceptions
2026-09-11 14:01:35,925:INFO:Importing libraries
2026-09-11 14:01:35,925:INFO:Copying training dataset
2026-09-11 14:01:35,933:INFO:Defining folds
2026-09-11 14:01:35,933:INFO:Declaring metric variables
2026-09-11 14:01:35,934:INFO:Importing untrained model
2026-09-11 14:01:35,934:INFO:K Neighbors Classifier Imported successfully
2026-09-11 14:01:35,934:INFO:Starting cross validation
2026-09-11 14:01:35,935:INFO:Cross validating with StratifiedKFold(n_splits=10, random_state=None, shuffle=False), n_jobs=-1
2026-09-11 14:01:37,651:INFO:Calculating mean and std
2026-09-11 14:01:37,653:INFO:Creating metrics dataframe
2026-09-11 14:01:37,656:INFO:Uploading results into container
2026-09-11 14:01:37,657:INFO:Uploading model into container now
2026-09-11 14:01:37,657:INFO:_master_model_container: 2
2026-09-11 14:01:37,659:INFO:_display_container: 2
2026-09-11 14:01:37,659:INFO:KNeighborsClassifier(algorithm='auto', leaf_size=30, metric='minkowski',
                     metric_params=None, n_jobs=-1, n_neighbors=5, p=2,
                     weights='uniform')
2026-09-11 14:01:37,659:INFO:create_model() successfully completed......................................
2026-09-11 14:01:37,712:INFO:SubProcess create_model() end ==================================
2026-09-11 14:01:37,712:INFO:Creating metrics dataframe
2026-09-11 14:01:37,715:INFO:Initializing Naive Bayes
2026-09-11 14:01:37,715:INFO:Total runtime is 0.0965314030647278 minutes
2026-09-11 14:01:37,715:INFO:SubProcess create_model() called ==================================
2026-09-11 14:01:37,716:INFO:Initializing create_model()
2026-09-11 14:01:37,716:INFO:create_model(self=<pycaret.classification.oop.ClassificationExperiment object at 0x0000027188080550>, estimator=nb, fold=StratifiedKFold(n_splits=10, random_state=None, shuffle=False), round=4, cross_validation=True, predict=True, fit_kwargs={}, groups=None, refit=False, probability_threshold=None, experiment_custom_tags=None, verbose=False, system=False, add_to_model_list=True, metrics=None, display=<pycaret.internal.display.display.CommonDisplay object at 0x0000027183001330>, model_only=True, return_train_score=False, error_score=0.0, kwargs={})
2026-09-11 14:01:37,716:INFO:Checking exceptions
2026-09-11 14:01:37,716:INFO:Importing libraries
2026-09-11 14:01:37,716:INFO:Copying training dataset
2026-09-11 14:01:37,724:INFO:Defining folds
2026-09-11 14:01:37,724:INFO:Declaring metric variables
2026-09-11 14:01:37,724:INFO:Importing untrained model
2026-09-11 14:01:37,724:INFO:Naive Bayes Imported successfully
2026-09-11 14:01:37,725:INFO:Starting cross validation
2026-09-11 14:01:37,725:INFO:Cross validating with StratifiedKFold(n_splits=10, random_state=None, shuffle=False), n_jobs=-1
2026-09-11 14:01:37,824:INFO:Calculating mean and std
2026-09-11 14:01:37,825:INFO:Creating metrics dataframe
2026-09-11 14:01:37,825:INFO:Uploading results into container
2026-09-11 14:01:37,825:INFO:Uploading model into container now
2026-09-11 14:01:37,825:INFO:_master_model_container: 3
2026-09-11 14:01:37,825:INFO:_display_container: 2
2026-09-11 14:01:37,825:INFO:GaussianNB(priors=None, var_smoothing=1e-09)
2026-09-11 14:01:37,825:INFO:create_model() successfully completed......................................
2026-09-11 14:01:37,881:INFO:SubProcess create_model() end ==================================
2026-09-11 14:01:37,881:INFO:Creating metrics dataframe
2026-09-11 14:01:37,883:INFO:Initializing Decision Tree Classifier
2026-09-11 14:01:37,883:INFO:Total runtime is 0.09931952555974326 minutes
2026-09-11 14:01:37,884:INFO:SubProcess create_model() called ==================================
2026-09-11 14:01:37,884:INFO:Initializing create_model()
2026-09-11 14:01:37,884:INFO:create_model(self=<pycaret.classification.oop.ClassificationExperiment object at 0x0000027188080550>, estimator=dt, fold=StratifiedKFold(n_splits=10, random_state=None, shuffle=False), round=4, cross_validation=True, predict=True, fit_kwargs={}, groups=None, refit=False, probability_threshold=None, experiment_custom_tags=None, verbose=False, system=False, add_to_model_list=True, metrics=None, display=<pycaret.internal.display.display.CommonDisplay object at 0x0000027183001330>, model_only=True, return_train_score=False, error_score=0.0, kwargs={})
2026-09-11 14:01:37,884:INFO:Checking exceptions
2026-09-11 14:01:37,884:INFO:Importing libraries
2026-09-11 14:01:37,884:INFO:Copying training dataset
2026-09-11 14:01:37,892:INFO:Defining folds
2026-09-11 14:01:37,892:INFO:Declaring metric variables
2026-09-11 14:01:37,892:INFO:Importing untrained model
2026-09-11 14:01:37,892:INFO:Decision Tree Classifier Imported successfully
2026-09-11 14:01:37,893:INFO:Starting cross validation
2026-09-11 14:01:37,893:INFO:Cross validating with StratifiedKFold(n_splits=10, random_state=None, shuffle=False), n_jobs=-1
2026-09-11 14:01:38,037:INFO:Calculating mean and std
2026-09-11 14:01:38,038:INFO:Creating metrics dataframe
2026-09-11 14:01:38,038:INFO:Uploading results into container
2026-09-11 14:01:38,038:INFO:Uploading model into container now
2026-09-11 14:01:38,038:INFO:_master_model_container: 4
2026-09-11 14:01:38,038:INFO:_display_container: 2
2026-09-11 14:01:38,041:INFO:DecisionTreeClassifier(ccp_alpha=0.0, class_weight=None, criterion='gini',
                       max_depth=None, max_features=None, max_leaf_nodes=None,
                       min_impurity_decrease=0.0, min_samples_leaf=1,
                       min_samples_split=2, min_weight_fraction_leaf=0.0,
                       monotonic_cst=None, random_state=4344, splitter='best')
2026-09-11 14:01:38,041:INFO:create_model() successfully completed......................................
2026-09-11 14:01:38,096:INFO:SubProcess create_model() end ==================================
2026-09-11 14:01:38,096:INFO:Creating metrics dataframe
2026-09-11 14:01:38,098:INFO:Initializing SVM - Linear Kernel
2026-09-11 14:01:38,098:INFO:Total runtime is 0.10291312932968141 minutes
2026-09-11 14:01:38,098:INFO:SubProcess create_model() called ==================================
2026-09-11 14:01:38,098:INFO:Initializing create_model()
2026-09-11 14:01:38,099:INFO:create_model(self=<pycaret.classification.oop.ClassificationExperiment object at 0x0000027188080550>, estimator=svm, fold=StratifiedKFold(n_splits=10, random_state=None, shuffle=False), round=4, cross_validation=True, predict=True, fit_kwargs={}, groups=None, refit=False, probability_threshold=None, experiment_custom_tags=None, verbose=False, system=False, add_to_model_list=True, metrics=None, display=<pycaret.internal.display.display.CommonDisplay object at 0x0000027183001330>, model_only=True, return_train_score=False, error_score=0.0, kwargs={})
2026-09-11 14:01:38,099:INFO:Checking exceptions
2026-09-11 14:01:38,099:INFO:Importing libraries
2026-09-11 14:01:38,099:INFO:Copying training dataset
2026-09-11 14:01:38,107:INFO:Defining folds
2026-09-11 14:01:38,107:INFO:Declaring metric variables
2026-09-11 14:01:38,107:INFO:Importing untrained model
2026-09-11 14:01:38,107:INFO:SVM - Linear Kernel Imported successfully
2026-09-11 14:01:38,107:INFO:Starting cross validation
2026-09-11 14:01:38,111:INFO:Cross validating with StratifiedKFold(n_splits=10, random_state=None, shuffle=False), n_jobs=-1
2026-09-11 14:01:38,303:WARNING:C:\Users\jenny\AppData\Local\Programs\Python\Python310\lib\site-packages\sklearn\metrics\_classification.py:1509: UndefinedMetricWarning: Precision is ill-defined and being set to 0.0 due to no predicted samples. Use `zero_division` parameter to control this behavior.
  _warn_prf(average, modifier, f"{metric.capitalize()} is", len(result))

2026-09-11 14:01:38,352:WARNING:C:\Users\jenny\AppData\Local\Programs\Python\Python310\lib\site-packages\sklearn\metrics\_classification.py:1509: UndefinedMetricWarning: Precision is ill-defined and being set to 0.0 due to no predicted samples. Use `zero_division` parameter to control this behavior.
  _warn_prf(average, modifier, f"{metric.capitalize()} is", len(result))

2026-09-11 14:01:38,384:WARNING:C:\Users\jenny\AppData\Local\Programs\Python\Python310\lib\site-packages\sklearn\metrics\_classification.py:1509: UndefinedMetricWarning: Precision is ill-defined and being set to 0.0 due to no predicted samples. Use `zero_division` parameter to control this behavior.
  _warn_prf(average, modifier, f"{metric.capitalize()} is", len(result))

2026-09-11 14:01:38,414:INFO:Calculating mean and std
2026-09-11 14:01:38,414:INFO:Creating metrics dataframe
2026-09-11 14:01:38,414:INFO:Uploading results into container
2026-09-11 14:01:38,414:INFO:Uploading model into container now
2026-09-11 14:01:38,414:INFO:_master_model_container: 5
2026-09-11 14:01:38,414:INFO:_display_container: 2
2026-09-11 14:01:38,414:INFO:SGDClassifier(alpha=0.0001, average=False, class_weight=None,
              early_stopping=False, epsilon=0.1, eta0=0.001, fit_intercept=True,
              l1_ratio=0.15, learning_rate='optimal', loss='hinge',
              max_iter=1000, n_iter_no_change=5, n_jobs=-1, penalty='l2',
              power_t=0.5, random_state=4344, shuffle=True, tol=0.001,
              validation_fraction=0.1, verbose=0, warm_start=False)
2026-09-11 14:01:38,414:INFO:create_model() successfully completed......................................
2026-09-11 14:01:38,469:INFO:SubProcess create_model() end ==================================
2026-09-11 14:01:38,469:INFO:Creating metrics dataframe
2026-09-11 14:01:38,471:INFO:Initializing Ridge Classifier
2026-09-11 14:01:38,471:INFO:Total runtime is 0.10911910136540733 minutes
2026-09-11 14:01:38,471:INFO:SubProcess create_model() called ==================================
2026-09-11 14:01:38,471:INFO:Initializing create_model()
2026-09-11 14:01:38,471:INFO:create_model(self=<pycaret.classification.oop.ClassificationExperiment object at 0x0000027188080550>, estimator=ridge, fold=StratifiedKFold(n_splits=10, random_state=None, shuffle=False), round=4, cross_validation=True, predict=True, fit_kwargs={}, groups=None, refit=False, probability_threshold=None, experiment_custom_tags=None, verbose=False, system=False, add_to_model_list=True, metrics=None, display=<pycaret.internal.display.display.CommonDisplay object at 0x0000027183001330>, model_only=True, return_train_score=False, error_score=0.0, kwargs={})
2026-09-11 14:01:38,471:INFO:Checking exceptions
2026-09-11 14:01:38,471:INFO:Importing libraries
2026-09-11 14:01:38,471:INFO:Copying training dataset
2026-09-11 14:01:38,480:INFO:Defining folds
2026-09-11 14:01:38,480:INFO:Declaring metric variables
2026-09-11 14:01:38,480:INFO:Importing untrained model
2026-09-11 14:01:38,480:INFO:Ridge Classifier Imported successfully
2026-09-11 14:01:38,480:INFO:Starting cross validation
2026-09-11 14:01:38,481:INFO:Cross validating with StratifiedKFold(n_splits=10, random_state=None, shuffle=False), n_jobs=-1
2026-09-11 14:01:38,555:WARNING:C:\Users\jenny\AppData\Local\Programs\Python\Python310\lib\site-packages\sklearn\metrics\_classification.py:1509: UndefinedMetricWarning: Precision is ill-defined and being set to 0.0 due to no predicted samples. Use `zero_division` parameter to control this behavior.
  _warn_prf(average, modifier, f"{metric.capitalize()} is", len(result))

2026-09-11 14:01:38,556:WARNING:C:\Users\jenny\AppData\Local\Programs\Python\Python310\lib\site-packages\sklearn\metrics\_classification.py:1509: UndefinedMetricWarning: Precision is ill-defined and being set to 0.0 due to no predicted samples. Use `zero_division` parameter to control this behavior.
  _warn_prf(average, modifier, f"{metric.capitalize()} is", len(result))

2026-09-11 14:01:38,556:WARNING:C:\Users\jenny\AppData\Local\Programs\Python\Python310\lib\site-packages\sklearn\metrics\_classification.py:1509: UndefinedMetricWarning: Precision is ill-defined and being set to 0.0 due to no predicted samples. Use `zero_division` parameter to control this behavior.
  _warn_prf(average, modifier, f"{metric.capitalize()} is", len(result))

2026-09-11 14:01:38,556:WARNING:C:\Users\jenny\AppData\Local\Programs\Python\Python310\lib\site-packages\sklearn\metrics\_classification.py:1509: UndefinedMetricWarning: Precision is ill-defined and being set to 0.0 due to no predicted samples. Use `zero_division` parameter to control this behavior.
  _warn_prf(average, modifier, f"{metric.capitalize()} is", len(result))

2026-09-11 14:01:38,557:WARNING:C:\Users\jenny\AppData\Local\Programs\Python\Python310\lib\site-packages\sklearn\metrics\_classification.py:1509: UndefinedMetricWarning: Precision is ill-defined and being set to 0.0 due to no predicted samples. Use `zero_division` parameter to control this behavior.
  _warn_prf(average, modifier, f"{metric.capitalize()} is", len(result))

2026-09-11 14:01:38,558:WARNING:C:\Users\jenny\AppData\Local\Programs\Python\Python310\lib\site-packages\sklearn\metrics\_classification.py:1509: UndefinedMetricWarning: Precision is ill-defined and being set to 0.0 due to no predicted samples. Use `zero_division` parameter to control this behavior.
  _warn_prf(average, modifier, f"{metric.capitalize()} is", len(result))

2026-09-11 14:01:38,574:INFO:Calculating mean and std
2026-09-11 14:01:38,575:INFO:Creating metrics dataframe
2026-09-11 14:01:38,575:INFO:Uploading results into container
2026-09-11 14:01:38,575:INFO:Uploading model into container now
2026-09-11 14:01:38,575:INFO:_master_model_container: 6
2026-09-11 14:01:38,575:INFO:_display_container: 2
2026-09-11 14:01:38,575:INFO:RidgeClassifier(alpha=1.0, class_weight=None, copy_X=True, fit_intercept=True,
                max_iter=None, positive=False, random_state=4344, solver='auto',
                tol=0.0001)
2026-09-11 14:01:38,575:INFO:create_model() successfully completed......................................
2026-09-11 14:01:38,632:INFO:SubProcess create_model() end ==================================
2026-09-11 14:01:38,633:INFO:Creating metrics dataframe
2026-09-11 14:01:38,635:INFO:Initializing Random Forest Classifier
2026-09-11 14:01:38,635:INFO:Total runtime is 0.1118675470352173 minutes
2026-09-11 14:01:38,635:INFO:SubProcess create_model() called ==================================
2026-09-11 14:01:38,636:INFO:Initializing create_model()
2026-09-11 14:01:38,636:INFO:create_model(self=<pycaret.classification.oop.ClassificationExperiment object at 0x0000027188080550>, estimator=rf, fold=StratifiedKFold(n_splits=10, random_state=None, shuffle=False), round=4, cross_validation=True, predict=True, fit_kwargs={}, groups=None, refit=False, probability_threshold=None, experiment_custom_tags=None, verbose=False, system=False, add_to_model_list=True, metrics=None, display=<pycaret.internal.display.display.CommonDisplay object at 0x0000027183001330>, model_only=True, return_train_score=False, error_score=0.0, kwargs={})
2026-09-11 14:01:38,636:INFO:Checking exceptions
2026-09-11 14:01:38,636:INFO:Importing libraries
2026-09-11 14:01:38,636:INFO:Copying training dataset
2026-09-11 14:01:38,648:INFO:Defining folds
2026-09-11 14:01:38,648:INFO:Declaring metric variables
2026-09-11 14:01:38,648:INFO:Importing untrained model
2026-09-11 14:01:38,649:INFO:Random Forest Classifier Imported successfully
2026-09-11 14:01:38,649:INFO:Starting cross validation
2026-09-11 14:01:38,650:INFO:Cross validating with StratifiedKFold(n_splits=10, random_state=None, shuffle=False), n_jobs=-1
2026-09-11 14:01:40,708:INFO:Calculating mean and std
2026-09-11 14:01:40,710:INFO:Creating metrics dataframe
2026-09-11 14:01:40,711:INFO:Uploading results into container
2026-09-11 14:01:40,712:INFO:Uploading model into container now
2026-09-11 14:01:40,713:INFO:_master_model_container: 7
2026-09-11 14:01:40,713:INFO:_display_container: 2
2026-09-11 14:01:40,713:INFO:RandomForestClassifier(bootstrap=True, ccp_alpha=0.0, class_weight=None,
                       criterion='gini', max_depth=None, max_features='sqrt',
                       max_leaf_nodes=None, max_samples=None,
                       min_impurity_decrease=0.0, min_samples_leaf=1,
                       min_samples_split=2, min_weight_fraction_leaf=0.0,
                       monotonic_cst=None, n_estimators=100, n_jobs=-1,
                       oob_score=False, random_state=4344, verbose=0,
                       warm_start=False)
2026-09-11 14:01:40,713:INFO:create_model() successfully completed......................................
2026-09-11 14:01:40,769:INFO:SubProcess create_model() end ==================================
2026-09-11 14:01:40,769:INFO:Creating metrics dataframe
2026-09-11 14:01:40,772:INFO:Initializing Quadratic Discriminant Analysis
2026-09-11 14:01:40,772:INFO:Total runtime is 0.14748188654581706 minutes
2026-09-11 14:01:40,772:INFO:SubProcess create_model() called ==================================
2026-09-11 14:01:40,773:INFO:Initializing create_model()
2026-09-11 14:01:40,773:INFO:create_model(self=<pycaret.classification.oop.ClassificationExperiment object at 0x0000027188080550>, estimator=qda, fold=StratifiedKFold(n_splits=10, random_state=None, shuffle=False), round=4, cross_validation=True, predict=True, fit_kwargs={}, groups=None, refit=False, probability_threshold=None, experiment_custom_tags=None, verbose=False, system=False, add_to_model_list=True, metrics=None, display=<pycaret.internal.display.display.CommonDisplay object at 0x0000027183001330>, model_only=True, return_train_score=False, error_score=0.0, kwargs={})
2026-09-11 14:01:40,773:INFO:Checking exceptions
2026-09-11 14:01:40,773:INFO:Importing libraries
2026-09-11 14:01:40,773:INFO:Copying training dataset
2026-09-11 14:01:40,784:INFO:Defining folds
2026-09-11 14:01:40,784:INFO:Declaring metric variables
2026-09-11 14:01:40,784:INFO:Importing untrained model
2026-09-11 14:01:40,784:INFO:Quadratic Discriminant Analysis Imported successfully
2026-09-11 14:01:40,784:INFO:Starting cross validation
2026-09-11 14:01:40,785:INFO:Cross validating with StratifiedKFold(n_splits=10, random_state=None, shuffle=False), n_jobs=-1
2026-09-11 14:01:40,859:WARNING:C:\Users\jenny\AppData\Local\Programs\Python\Python310\lib\site-packages\sklearn\discriminant_analysis.py:935: UserWarning: Variables are collinear
  warnings.warn("Variables are collinear")

2026-09-11 14:01:40,859:WARNING:C:\Users\jenny\AppData\Local\Programs\Python\Python310\lib\site-packages\sklearn\discriminant_analysis.py:935: UserWarning: Variables are collinear
  warnings.warn("Variables are collinear")

2026-09-11 14:01:40,859:WARNING:C:\Users\jenny\AppData\Local\Programs\Python\Python310\lib\site-packages\sklearn\discriminant_analysis.py:935: UserWarning: Variables are collinear
  warnings.warn("Variables are collinear")

2026-09-11 14:01:40,859:WARNING:C:\Users\jenny\AppData\Local\Programs\Python\Python310\lib\site-packages\sklearn\discriminant_analysis.py:935: UserWarning: Variables are collinear
  warnings.warn("Variables are collinear")

2026-09-11 14:01:40,860:WARNING:C:\Users\jenny\AppData\Local\Programs\Python\Python310\lib\site-packages\sklearn\discriminant_analysis.py:935: UserWarning: Variables are collinear
  warnings.warn("Variables are collinear")

2026-09-11 14:01:40,860:WARNING:C:\Users\jenny\AppData\Local\Programs\Python\Python310\lib\site-packages\sklearn\discriminant_analysis.py:935: UserWarning: Variables are collinear
  warnings.warn("Variables are collinear")

2026-09-11 14:01:40,862:WARNING:C:\Users\jenny\AppData\Local\Programs\Python\Python310\lib\site-packages\sklearn\discriminant_analysis.py:935: UserWarning: Variables are collinear
  warnings.warn("Variables are collinear")

2026-09-11 14:01:40,900:INFO:Calculating mean and std
2026-09-11 14:01:40,900:INFO:Creating metrics dataframe
2026-09-11 14:01:40,902:INFO:Uploading results into container
2026-09-11 14:01:40,902:INFO:Uploading model into container now
2026-09-11 14:01:40,902:INFO:_master_model_container: 8
2026-09-11 14:01:40,902:INFO:_display_container: 2
2026-09-11 14:01:40,902:INFO:QuadraticDiscriminantAnalysis(priors=None, reg_param=0.0,
                              store_covariance=False, tol=0.0001)
2026-09-11 14:01:40,902:INFO:create_model() successfully completed......................................
2026-09-11 14:01:40,959:INFO:SubProcess create_model() end ==================================
2026-09-11 14:01:40,960:INFO:Creating metrics dataframe
2026-09-11 14:01:40,962:INFO:Initializing Ada Boost Classifier
2026-09-11 14:01:40,962:INFO:Total runtime is 0.15065093835194907 minutes
2026-09-11 14:01:40,962:INFO:SubProcess create_model() called ==================================
2026-09-11 14:01:40,963:INFO:Initializing create_model()
2026-09-11 14:01:40,963:INFO:create_model(self=<pycaret.classification.oop.ClassificationExperiment object at 0x0000027188080550>, estimator=ada, fold=StratifiedKFold(n_splits=10, random_state=None, shuffle=False), round=4, cross_validation=True, predict=True, fit_kwargs={}, groups=None, refit=False, probability_threshold=None, experiment_custom_tags=None, verbose=False, system=False, add_to_model_list=True, metrics=None, display=<pycaret.internal.display.display.CommonDisplay object at 0x0000027183001330>, model_only=True, return_train_score=False, error_score=0.0, kwargs={})
2026-09-11 14:01:40,963:INFO:Checking exceptions
2026-09-11 14:01:40,963:INFO:Importing libraries
2026-09-11 14:01:40,963:INFO:Copying training dataset
2026-09-11 14:01:40,973:INFO:Defining folds
2026-09-11 14:01:40,973:INFO:Declaring metric variables
2026-09-11 14:01:40,973:INFO:Importing untrained model
2026-09-11 14:01:40,973:INFO:Ada Boost Classifier Imported successfully
2026-09-11 14:01:40,973:INFO:Starting cross validation
2026-09-11 14:01:40,973:INFO:Cross validating with StratifiedKFold(n_splits=10, random_state=None, shuffle=False), n_jobs=-1
2026-09-11 14:01:41,021:WARNING:C:\Users\jenny\AppData\Local\Programs\Python\Python310\lib\site-packages\sklearn\ensemble\_weight_boosting.py:519: FutureWarning: The SAMME.R algorithm (the default) is deprecated and will be removed in 1.6. Use the SAMME algorithm to circumvent this warning.
  warnings.warn(

2026-09-11 14:01:41,021:WARNING:C:\Users\jenny\AppData\Local\Programs\Python\Python310\lib\site-packages\sklearn\ensemble\_weight_boosting.py:519: FutureWarning: The SAMME.R algorithm (the default) is deprecated and will be removed in 1.6. Use the SAMME algorithm to circumvent this warning.
  warnings.warn(

2026-09-11 14:01:41,021:WARNING:C:\Users\jenny\AppData\Local\Programs\Python\Python310\lib\site-packages\sklearn\ensemble\_weight_boosting.py:519: FutureWarning: The SAMME.R algorithm (the default) is deprecated and will be removed in 1.6. Use the SAMME algorithm to circumvent this warning.
  warnings.warn(

2026-09-11 14:01:41,021:WARNING:C:\Users\jenny\AppData\Local\Programs\Python\Python310\lib\site-packages\sklearn\ensemble\_weight_boosting.py:519: FutureWarning: The SAMME.R algorithm (the default) is deprecated and will be removed in 1.6. Use the SAMME algorithm to circumvent this warning.
  warnings.warn(

2026-09-11 14:01:41,030:WARNING:C:\Users\jenny\AppData\Local\Programs\Python\Python310\lib\site-packages\sklearn\ensemble\_weight_boosting.py:519: FutureWarning: The SAMME.R algorithm (the default) is deprecated and will be removed in 1.6. Use the SAMME algorithm to circumvent this warning.
  warnings.warn(

2026-09-11 14:01:41,030:WARNING:C:\Users\jenny\AppData\Local\Programs\Python\Python310\lib\site-packages\sklearn\ensemble\_weight_boosting.py:519: FutureWarning: The SAMME.R algorithm (the default) is deprecated and will be removed in 1.6. Use the SAMME algorithm to circumvent this warning.
  warnings.warn(

2026-09-11 14:01:41,036:WARNING:C:\Users\jenny\AppData\Local\Programs\Python\Python310\lib\site-packages\sklearn\ensemble\_weight_boosting.py:519: FutureWarning: The SAMME.R algorithm (the default) is deprecated and will be removed in 1.6. Use the SAMME algorithm to circumvent this warning.
  warnings.warn(

2026-09-11 14:01:41,038:WARNING:C:\Users\jenny\AppData\Local\Programs\Python\Python310\lib\site-packages\sklearn\ensemble\_weight_boosting.py:519: FutureWarning: The SAMME.R algorithm (the default) is deprecated and will be removed in 1.6. Use the SAMME algorithm to circumvent this warning.
  warnings.warn(

2026-09-11 14:01:41,042:WARNING:C:\Users\jenny\AppData\Local\Programs\Python\Python310\lib\site-packages\sklearn\ensemble\_weight_boosting.py:519: FutureWarning: The SAMME.R algorithm (the default) is deprecated and will be removed in 1.6. Use the SAMME algorithm to circumvent this warning.
  warnings.warn(

2026-09-11 14:01:41,044:WARNING:C:\Users\jenny\AppData\Local\Programs\Python\Python310\lib\site-packages\sklearn\ensemble\_weight_boosting.py:519: FutureWarning: The SAMME.R algorithm (the default) is deprecated and will be removed in 1.6. Use the SAMME algorithm to circumvent this warning.
  warnings.warn(

2026-09-11 14:01:41,639:INFO:Calculating mean and std
2026-09-11 14:01:41,640:INFO:Creating metrics dataframe
2026-09-11 14:01:41,643:INFO:Uploading results into container
2026-09-11 14:01:41,643:INFO:Uploading model into container now
2026-09-11 14:01:41,643:INFO:_master_model_container: 9
2026-09-11 14:01:41,643:INFO:_display_container: 2
2026-09-11 14:01:41,643:INFO:AdaBoostClassifier(algorithm='SAMME.R', estimator=None, learning_rate=1.0,
                   n_estimators=50, random_state=4344)
2026-09-11 14:01:41,643:INFO:create_model() successfully completed......................................
2026-09-11 14:01:41,717:INFO:SubProcess create_model() end ==================================
2026-09-11 14:01:41,718:INFO:Creating metrics dataframe
2026-09-11 14:01:41,722:INFO:Initializing Gradient Boosting Classifier
2026-09-11 14:01:41,722:INFO:Total runtime is 0.1633166790008545 minutes
2026-09-11 14:01:41,722:INFO:SubProcess create_model() called ==================================
2026-09-11 14:01:41,722:INFO:Initializing create_model()
2026-09-11 14:01:41,722:INFO:create_model(self=<pycaret.classification.oop.ClassificationExperiment object at 0x0000027188080550>, estimator=gbc, fold=StratifiedKFold(n_splits=10, random_state=None, shuffle=False), round=4, cross_validation=True, predict=True, fit_kwargs={}, groups=None, refit=False, probability_threshold=None, experiment_custom_tags=None, verbose=False, system=False, add_to_model_list=True, metrics=None, display=<pycaret.internal.display.display.CommonDisplay object at 0x0000027183001330>, model_only=True, return_train_score=False, error_score=0.0, kwargs={})
2026-09-11 14:01:41,723:INFO:Checking exceptions
2026-09-11 14:01:41,723:INFO:Importing libraries
2026-09-11 14:01:41,723:INFO:Copying training dataset
2026-09-11 14:01:41,740:INFO:Defining folds
2026-09-11 14:01:41,740:INFO:Declaring metric variables
2026-09-11 14:01:41,740:INFO:Importing untrained model
2026-09-11 14:01:41,741:INFO:Gradient Boosting Classifier Imported successfully
2026-09-11 14:01:41,741:INFO:Starting cross validation
2026-09-11 14:01:41,743:INFO:Cross validating with StratifiedKFold(n_splits=10, random_state=None, shuffle=False), n_jobs=-1
2026-09-11 14:01:43,906:INFO:Calculating mean and std
2026-09-11 14:01:43,907:INFO:Creating metrics dataframe
2026-09-11 14:01:43,907:INFO:Uploading results into container
2026-09-11 14:01:43,907:INFO:Uploading model into container now
2026-09-11 14:01:43,907:INFO:_master_model_container: 10
2026-09-11 14:01:43,907:INFO:_display_container: 2
2026-09-11 14:01:43,907:INFO:GradientBoostingClassifier(ccp_alpha=0.0, criterion='friedman_mse', init=None,
                           learning_rate=0.1, loss='log_loss', max_depth=3,
                           max_features=None, max_leaf_nodes=None,
                           min_impurity_decrease=0.0, min_samples_leaf=1,
                           min_samples_split=2, min_weight_fraction_leaf=0.0,
                           n_estimators=100, n_iter_no_change=None,
                           random_state=4344, subsample=1.0, tol=0.0001,
                           validation_fraction=0.1, verbose=0,
                           warm_start=False)
2026-09-11 14:01:43,907:INFO:create_model() successfully completed......................................
2026-09-11 14:01:43,988:INFO:SubProcess create_model() end ==================================
2026-09-11 14:01:43,988:INFO:Creating metrics dataframe
2026-09-11 14:01:43,992:INFO:Initializing Linear Discriminant Analysis
2026-09-11 14:01:43,992:INFO:Total runtime is 0.20114511251449585 minutes
2026-09-11 14:01:43,992:INFO:SubProcess create_model() called ==================================
2026-09-11 14:01:43,992:INFO:Initializing create_model()
2026-09-11 14:01:43,992:INFO:create_model(self=<pycaret.classification.oop.ClassificationExperiment object at 0x0000027188080550>, estimator=lda, fold=StratifiedKFold(n_splits=10, random_state=None, shuffle=False), round=4, cross_validation=True, predict=True, fit_kwargs={}, groups=None, refit=False, probability_threshold=None, experiment_custom_tags=None, verbose=False, system=False, add_to_model_list=True, metrics=None, display=<pycaret.internal.display.display.CommonDisplay object at 0x0000027183001330>, model_only=True, return_train_score=False, error_score=0.0, kwargs={})
2026-09-11 14:01:43,993:INFO:Checking exceptions
2026-09-11 14:01:43,993:INFO:Importing libraries
2026-09-11 14:01:43,993:INFO:Copying training dataset
2026-09-11 14:01:44,003:INFO:Defining folds
2026-09-11 14:01:44,003:INFO:Declaring metric variables
2026-09-11 14:01:44,003:INFO:Importing untrained model
2026-09-11 14:01:44,003:INFO:Linear Discriminant Analysis Imported successfully
2026-09-11 14:01:44,003:INFO:Starting cross validation
2026-09-11 14:01:44,003:INFO:Cross validating with StratifiedKFold(n_splits=10, random_state=None, shuffle=False), n_jobs=-1
2026-09-11 14:01:44,113:WARNING:C:\Users\jenny\AppData\Local\Programs\Python\Python310\lib\site-packages\sklearn\metrics\_classification.py:1509: UndefinedMetricWarning: Precision is ill-defined and being set to 0.0 due to no predicted samples. Use `zero_division` parameter to control this behavior.
  _warn_prf(average, modifier, f"{metric.capitalize()} is", len(result))

2026-09-11 14:01:44,113:WARNING:C:\Users\jenny\AppData\Local\Programs\Python\Python310\lib\site-packages\sklearn\metrics\_classification.py:1509: UndefinedMetricWarning: Precision is ill-defined and being set to 0.0 due to no predicted samples. Use `zero_division` parameter to control this behavior.
  _warn_prf(average, modifier, f"{metric.capitalize()} is", len(result))

2026-09-11 14:01:44,113:WARNING:C:\Users\jenny\AppData\Local\Programs\Python\Python310\lib\site-packages\sklearn\metrics\_classification.py:1509: UndefinedMetricWarning: Precision is ill-defined and being set to 0.0 due to no predicted samples. Use `zero_division` parameter to control this behavior.
  _warn_prf(average, modifier, f"{metric.capitalize()} is", len(result))

2026-09-11 14:01:44,131:WARNING:C:\Users\jenny\AppData\Local\Programs\Python\Python310\lib\site-packages\sklearn\metrics\_classification.py:1509: UndefinedMetricWarning: Precision is ill-defined and being set to 0.0 due to no predicted samples. Use `zero_division` parameter to control this behavior.
  _warn_prf(average, modifier, f"{metric.capitalize()} is", len(result))

2026-09-11 14:01:44,131:WARNING:C:\Users\jenny\AppData\Local\Programs\Python\Python310\lib\site-packages\sklearn\metrics\_classification.py:1509: UndefinedMetricWarning: Precision is ill-defined and being set to 0.0 due to no predicted samples. Use `zero_division` parameter to control this behavior.
  _warn_prf(average, modifier, f"{metric.capitalize()} is", len(result))

2026-09-11 14:01:44,131:WARNING:C:\Users\jenny\AppData\Local\Programs\Python\Python310\lib\site-packages\sklearn\metrics\_classification.py:1509: UndefinedMetricWarning: Precision is ill-defined and being set to 0.0 due to no predicted samples. Use `zero_division` parameter to control this behavior.
  _warn_prf(average, modifier, f"{metric.capitalize()} is", len(result))

2026-09-11 14:01:44,131:WARNING:C:\Users\jenny\AppData\Local\Programs\Python\Python310\lib\site-packages\sklearn\metrics\_classification.py:1509: UndefinedMetricWarning: Precision is ill-defined and being set to 0.0 due to no predicted samples. Use `zero_division` parameter to control this behavior.
  _warn_prf(average, modifier, f"{metric.capitalize()} is", len(result))

2026-09-11 14:01:44,131:WARNING:C:\Users\jenny\AppData\Local\Programs\Python\Python310\lib\site-packages\sklearn\metrics\_classification.py:1509: UndefinedMetricWarning: Precision is ill-defined and being set to 0.0 due to no predicted samples. Use `zero_division` parameter to control this behavior.
  _warn_prf(average, modifier, f"{metric.capitalize()} is", len(result))

2026-09-11 14:01:44,160:INFO:Calculating mean and std
2026-09-11 14:01:44,161:INFO:Creating metrics dataframe
2026-09-11 14:01:44,162:INFO:Uploading results into container
2026-09-11 14:01:44,162:INFO:Uploading model into container now
2026-09-11 14:01:44,165:INFO:_master_model_container: 11
2026-09-11 14:01:44,165:INFO:_display_container: 2
2026-09-11 14:01:44,165:INFO:LinearDiscriminantAnalysis(covariance_estimator=None, n_components=None,
                           priors=None, shrinkage=None, solver='svd',
                           store_covariance=False, tol=0.0001)
2026-09-11 14:01:44,165:INFO:create_model() successfully completed......................................
2026-09-11 14:01:44,236:INFO:SubProcess create_model() end ==================================
2026-09-11 14:01:44,236:INFO:Creating metrics dataframe
2026-09-11 14:01:44,236:INFO:Initializing Extra Trees Classifier
2026-09-11 14:01:44,236:INFO:Total runtime is 0.20520552396774291 minutes
2026-09-11 14:01:44,236:INFO:SubProcess create_model() called ==================================
2026-09-11 14:01:44,236:INFO:Initializing create_model()
2026-09-11 14:01:44,236:INFO:create_model(self=<pycaret.classification.oop.ClassificationExperiment object at 0x0000027188080550>, estimator=et, fold=StratifiedKFold(n_splits=10, random_state=None, shuffle=False), round=4, cross_validation=True, predict=True, fit_kwargs={}, groups=None, refit=False, probability_threshold=None, experiment_custom_tags=None, verbose=False, system=False, add_to_model_list=True, metrics=None, display=<pycaret.internal.display.display.CommonDisplay object at 0x0000027183001330>, model_only=True, return_train_score=False, error_score=0.0, kwargs={})
2026-09-11 14:01:44,236:INFO:Checking exceptions
2026-09-11 14:01:44,236:INFO:Importing libraries
2026-09-11 14:01:44,236:INFO:Copying training dataset
2026-09-11 14:01:44,252:INFO:Defining folds
2026-09-11 14:01:44,252:INFO:Declaring metric variables
2026-09-11 14:01:44,252:INFO:Importing untrained model
2026-09-11 14:01:44,252:INFO:Extra Trees Classifier Imported successfully
2026-09-11 14:01:44,252:INFO:Starting cross validation
2026-09-11 14:01:44,252:INFO:Cross validating with StratifiedKFold(n_splits=10, random_state=None, shuffle=False), n_jobs=-1
2026-09-11 14:01:46,664:INFO:Calculating mean and std
2026-09-11 14:01:46,666:INFO:Creating metrics dataframe
2026-09-11 14:01:46,666:INFO:Uploading results into container
2026-09-11 14:01:46,666:INFO:Uploading model into container now
2026-09-11 14:01:46,666:INFO:_master_model_container: 12
2026-09-11 14:01:46,666:INFO:_display_container: 2
2026-09-11 14:01:46,666:INFO:ExtraTreesClassifier(bootstrap=False, ccp_alpha=0.0, class_weight=None,
                     criterion='gini', max_depth=None, max_features='sqrt',
                     max_leaf_nodes=None, max_samples=None,
                     min_impurity_decrease=0.0, min_samples_leaf=1,
                     min_samples_split=2, min_weight_fraction_leaf=0.0,
                     monotonic_cst=None, n_estimators=100, n_jobs=-1,
                     oob_score=False, random_state=4344, verbose=0,
                     warm_start=False)
2026-09-11 14:01:46,666:INFO:create_model() successfully completed......................................
2026-09-11 14:01:46,766:INFO:SubProcess create_model() end ==================================
2026-09-11 14:01:46,767:INFO:Creating metrics dataframe
2026-09-11 14:01:46,771:INFO:Initializing Light Gradient Boosting Machine
2026-09-11 14:01:46,771:INFO:Total runtime is 0.24745168685913085 minutes
2026-09-11 14:01:46,771:INFO:SubProcess create_model() called ==================================
2026-09-11 14:01:46,771:INFO:Initializing create_model()
2026-09-11 14:01:46,772:INFO:create_model(self=<pycaret.classification.oop.ClassificationExperiment object at 0x0000027188080550>, estimator=lightgbm, fold=StratifiedKFold(n_splits=10, random_state=None, shuffle=False), round=4, cross_validation=True, predict=True, fit_kwargs={}, groups=None, refit=False, probability_threshold=None, experiment_custom_tags=None, verbose=False, system=False, add_to_model_list=True, metrics=None, display=<pycaret.internal.display.display.CommonDisplay object at 0x0000027183001330>, model_only=True, return_train_score=False, error_score=0.0, kwargs={})
2026-09-11 14:01:46,772:INFO:Checking exceptions
2026-09-11 14:01:46,772:INFO:Importing libraries
2026-09-11 14:01:46,772:INFO:Copying training dataset
2026-09-11 14:01:46,795:INFO:Defining folds
2026-09-11 14:01:46,795:INFO:Declaring metric variables
2026-09-11 14:01:46,804:INFO:Importing untrained model
2026-09-11 14:01:46,806:INFO:Light Gradient Boosting Machine Imported successfully
2026-09-11 14:01:46,806:INFO:Starting cross validation
2026-09-11 14:01:46,806:INFO:Cross validating with StratifiedKFold(n_splits=10, random_state=None, shuffle=False), n_jobs=-1
2026-09-11 14:01:47,359:WARNING:create_model() for lightgbm raised an exception or returned all 0.0, trying without fit_kwargs:
2026-09-11 14:01:47,363:WARNING:Traceback (most recent call last):
  File "C:\Users\jenny\AppData\Local\Programs\Python\Python310\lib\site-packages\pycaret\internal\pycaret_experiment\supervised_experiment.py", line 794, in compare_models
    model, model_fit_time = self._create_model(**create_model_args)
  File "C:\Users\jenny\AppData\Local\Programs\Python\Python310\lib\site-packages\pycaret\internal\pycaret_experiment\supervised_experiment.py", line 1533, in _create_model
    model, model_fit_time, model_results, _ = self._create_model_with_cv(
  File "C:\Users\jenny\AppData\Local\Programs\Python\Python310\lib\site-packages\pycaret\internal\pycaret_experiment\supervised_experiment.py", line 1126, in _create_model_with_cv
    scores = cross_validate(
  File "C:\Users\jenny\AppData\Local\Programs\Python\Python310\lib\site-packages\sklearn\utils\_param_validation.py", line 213, in wrapper
    return func(*args, **kwargs)
  File "C:\Users\jenny\AppData\Local\Programs\Python\Python310\lib\site-packages\sklearn\model_selection\_validation.py", line 450, in cross_validate
    _warn_or_raise_about_fit_failures(results, error_score)
  File "C:\Users\jenny\AppData\Local\Programs\Python\Python310\lib\site-packages\sklearn\model_selection\_validation.py", line 536, in _warn_or_raise_about_fit_failures
    raise ValueError(all_fits_failed_message)
ValueError: 
All the 10 fits failed.
It is very likely that your model is misconfigured.
You can try to debug the error by setting error_score='raise'.

Below are more details about the failures:
--------------------------------------------------------------------------------
10 fits failed with the following error:
Traceback (most recent call last):
  File "C:\Users\jenny\AppData\Local\Programs\Python\Python310\lib\site-packages\sklearn\model_selection\_validation.py", line 895, in _fit_and_score
    estimator.fit(X_train, y_train, **fit_params)
  File "C:\Users\jenny\AppData\Local\Programs\Python\Python310\lib\site-packages\pycaret\internal\pipeline.py", line 278, in fit
    fitted_estimator = self._memory_fit(
  File "C:\Users\jenny\AppData\Local\Programs\Python\Python310\lib\site-packages\joblib\memory.py", line 353, in __call__
    return self.func(*args, **kwargs)
  File "C:\Users\jenny\AppData\Local\Programs\Python\Python310\lib\site-packages\pycaret\internal\pipeline.py", line 69, in _fit_one
    transformer.fit(*args)
  File "C:\Users\jenny\AppData\Local\Programs\Python\Python310\lib\site-packages\lightgbm\sklearn.py", line 1704, in fit
    super().fit(
  File "C:\Users\jenny\AppData\Local\Programs\Python\Python310\lib\site-packages\lightgbm\sklearn.py", line 1171, in fit
    self._Booster = train(
  File "C:\Users\jenny\AppData\Local\Programs\Python\Python310\lib\site-packages\lightgbm\engine.py", line 296, in train
    booster = Booster(params=params, train_set=train_set)
  File "C:\Users\jenny\AppData\Local\Programs\Python\Python310\lib\site-packages\lightgbm\basic.py", line 3758, in __init__
    train_set.construct()
  File "C:\Users\jenny\AppData\Local\Programs\Python\Python310\lib\site-packages\lightgbm\basic.py", line 2574, in construct
    self._lazy_init(
  File "C:\Users\jenny\AppData\Local\Programs\Python\Python310\lib\site-packages\lightgbm\basic.py", line 2189, in _lazy_init
    self.set_label(label)
  File "C:\Users\jenny\AppData\Local\Programs\Python\Python310\lib\site-packages\lightgbm\basic.py", line 3097, in set_label
    self.set_field("label", label_array)
  File "C:\Users\jenny\AppData\Local\Programs\Python\Python310\lib\site-packages\lightgbm\basic.py", line 2860, in set_field
    _LIB.LGBM_DatasetSetField(
OSError: exception: access violation reading 0x0000000000000000


2026-09-11 14:01:47,363:INFO:Initializing create_model()
2026-09-11 14:01:47,363:INFO:create_model(self=<pycaret.classification.oop.ClassificationExperiment object at 0x0000027188080550>, estimator=lightgbm, fold=StratifiedKFold(n_splits=10, random_state=None, shuffle=False), round=4, cross_validation=True, predict=True, fit_kwargs={}, groups=None, refit=False, probability_threshold=None, experiment_custom_tags=None, verbose=False, system=False, add_to_model_list=True, metrics=None, display=<pycaret.internal.display.display.CommonDisplay object at 0x0000027183001330>, model_only=True, return_train_score=False, error_score=0.0, kwargs={})
2026-09-11 14:01:47,363:INFO:Checking exceptions
2026-09-11 14:01:47,363:INFO:Importing libraries
2026-09-11 14:01:47,363:INFO:Copying training dataset
2026-09-11 14:01:47,382:INFO:Defining folds
2026-09-11 14:01:47,382:INFO:Declaring metric variables
2026-09-11 14:01:47,382:INFO:Importing untrained model
2026-09-11 14:01:47,385:INFO:Light Gradient Boosting Machine Imported successfully
2026-09-11 14:01:47,385:INFO:Starting cross validation
2026-09-11 14:01:47,386:INFO:Cross validating with StratifiedKFold(n_splits=10, random_state=None, shuffle=False), n_jobs=-1
2026-09-11 14:01:47,554:ERROR:create_model() for lightgbm raised an exception or returned all 0.0:
2026-09-11 14:01:47,555:ERROR:Traceback (most recent call last):
  File "C:\Users\jenny\AppData\Local\Programs\Python\Python310\lib\site-packages\pycaret\internal\pycaret_experiment\supervised_experiment.py", line 794, in compare_models
    model, model_fit_time = self._create_model(**create_model_args)
  File "C:\Users\jenny\AppData\Local\Programs\Python\Python310\lib\site-packages\pycaret\internal\pycaret_experiment\supervised_experiment.py", line 1533, in _create_model
    model, model_fit_time, model_results, _ = self._create_model_with_cv(
  File "C:\Users\jenny\AppData\Local\Programs\Python\Python310\lib\site-packages\pycaret\internal\pycaret_experiment\supervised_experiment.py", line 1126, in _create_model_with_cv
    scores = cross_validate(
  File "C:\Users\jenny\AppData\Local\Programs\Python\Python310\lib\site-packages\sklearn\utils\_param_validation.py", line 213, in wrapper
    return func(*args, **kwargs)
  File "C:\Users\jenny\AppData\Local\Programs\Python\Python310\lib\site-packages\sklearn\model_selection\_validation.py", line 450, in cross_validate
    _warn_or_raise_about_fit_failures(results, error_score)
  File "C:\Users\jenny\AppData\Local\Programs\Python\Python310\lib\site-packages\sklearn\model_selection\_validation.py", line 536, in _warn_or_raise_about_fit_failures
    raise ValueError(all_fits_failed_message)
ValueError: 
All the 10 fits failed.
It is very likely that your model is misconfigured.
You can try to debug the error by setting error_score='raise'.

Below are more details about the failures:
--------------------------------------------------------------------------------
10 fits failed with the following error:
Traceback (most recent call last):
  File "C:\Users\jenny\AppData\Local\Programs\Python\Python310\lib\site-packages\sklearn\model_selection\_validation.py", line 895, in _fit_and_score
    estimator.fit(X_train, y_train, **fit_params)
  File "C:\Users\jenny\AppData\Local\Programs\Python\Python310\lib\site-packages\pycaret\internal\pipeline.py", line 278, in fit
    fitted_estimator = self._memory_fit(
  File "C:\Users\jenny\AppData\Local\Programs\Python\Python310\lib\site-packages\joblib\memory.py", line 353, in __call__
    return self.func(*args, **kwargs)
  File "C:\Users\jenny\AppData\Local\Programs\Python\Python310\lib\site-packages\pycaret\internal\pipeline.py", line 69, in _fit_one
    transformer.fit(*args)
  File "C:\Users\jenny\AppData\Local\Programs\Python\Python310\lib\site-packages\lightgbm\sklearn.py", line 1704, in fit
    super().fit(
  File "C:\Users\jenny\AppData\Local\Programs\Python\Python310\lib\site-packages\lightgbm\sklearn.py", line 1171, in fit
    self._Booster = train(
  File "C:\Users\jenny\AppData\Local\Programs\Python\Python310\lib\site-packages\lightgbm\engine.py", line 296, in train
    booster = Booster(params=params, train_set=train_set)
  File "C:\Users\jenny\AppData\Local\Programs\Python\Python310\lib\site-packages\lightgbm\basic.py", line 3758, in __init__
    train_set.construct()
  File "C:\Users\jenny\AppData\Local\Programs\Python\Python310\lib\site-packages\lightgbm\basic.py", line 2574, in construct
    self._lazy_init(
  File "C:\Users\jenny\AppData\Local\Programs\Python\Python310\lib\site-packages\lightgbm\basic.py", line 2189, in _lazy_init
    self.set_label(label)
  File "C:\Users\jenny\AppData\Local\Programs\Python\Python310\lib\site-packages\lightgbm\basic.py", line 3097, in set_label
    self.set_field("label", label_array)
  File "C:\Users\jenny\AppData\Local\Programs\Python\Python310\lib\site-packages\lightgbm\basic.py", line 2860, in set_field
    _LIB.LGBM_DatasetSetField(
OSError: exception: access violation reading 0x0000000000000000


During handling of the above exception, another exception occurred:

Traceback (most recent call last):
  File "C:\Users\jenny\AppData\Local\Programs\Python\Python310\lib\site-packages\pycaret\internal\pycaret_experiment\supervised_experiment.py", line 815, in compare_models
    model, model_fit_time = self._create_model(**create_model_args)
  File "C:\Users\jenny\AppData\Local\Programs\Python\Python310\lib\site-packages\pycaret\internal\pycaret_experiment\supervised_experiment.py", line 1533, in _create_model
    model, model_fit_time, model_results, _ = self._create_model_with_cv(
  File "C:\Users\jenny\AppData\Local\Programs\Python\Python310\lib\site-packages\pycaret\internal\pycaret_experiment\supervised_experiment.py", line 1126, in _create_model_with_cv
    scores = cross_validate(
  File "C:\Users\jenny\AppData\Local\Programs\Python\Python310\lib\site-packages\sklearn\utils\_param_validation.py", line 213, in wrapper
    return func(*args, **kwargs)
  File "C:\Users\jenny\AppData\Local\Programs\Python\Python310\lib\site-packages\sklearn\model_selection\_validation.py", line 450, in cross_validate
    _warn_or_raise_about_fit_failures(results, error_score)
  File "C:\Users\jenny\AppData\Local\Programs\Python\Python310\lib\site-packages\sklearn\model_selection\_validation.py", line 536, in _warn_or_raise_about_fit_failures
    raise ValueError(all_fits_failed_message)
ValueError: 
All the 10 fits failed.
It is very likely that your model is misconfigured.
You can try to debug the error by setting error_score='raise'.

Below are more details about the failures:
--------------------------------------------------------------------------------
10 fits failed with the following error:
Traceback (most recent call last):
  File "C:\Users\jenny\AppData\Local\Programs\Python\Python310\lib\site-packages\sklearn\model_selection\_validation.py", line 895, in _fit_and_score
    estimator.fit(X_train, y_train, **fit_params)
  File "C:\Users\jenny\AppData\Local\Programs\Python\Python310\lib\site-packages\pycaret\internal\pipeline.py", line 278, in fit
    fitted_estimator = self._memory_fit(
  File "C:\Users\jenny\AppData\Local\Programs\Python\Python310\lib\site-packages\joblib\memory.py", line 353, in __call__
    return self.func(*args, **kwargs)
  File "C:\Users\jenny\AppData\Local\Programs\Python\Python310\lib\site-packages\pycaret\internal\pipeline.py", line 69, in _fit_one
    transformer.fit(*args)
  File "C:\Users\jenny\AppData\Local\Programs\Python\Python310\lib\site-packages\lightgbm\sklearn.py", line 1704, in fit
    super().fit(
  File "C:\Users\jenny\AppData\Local\Programs\Python\Python310\lib\site-packages\lightgbm\sklearn.py", line 1171, in fit
    self._Booster = train(
  File "C:\Users\jenny\AppData\Local\Programs\Python\Python310\lib\site-packages\lightgbm\engine.py", line 296, in train
    booster = Booster(params=params, train_set=train_set)
  File "C:\Users\jenny\AppData\Local\Programs\Python\Python310\lib\site-packages\lightgbm\basic.py", line 3758, in __init__
    train_set.construct()
  File "C:\Users\jenny\AppData\Local\Programs\Python\Python310\lib\site-packages\lightgbm\basic.py", line 2574, in construct
    self._lazy_init(
  File "C:\Users\jenny\AppData\Local\Programs\Python\Python310\lib\site-packages\lightgbm\basic.py", line 2189, in _lazy_init
    self.set_label(label)
  File "C:\Users\jenny\AppData\Local\Programs\Python\Python310\lib\site-packages\lightgbm\basic.py", line 3097, in set_label
    self.set_field("label", label_array)
  File "C:\Users\jenny\AppData\Local\Programs\Python\Python310\lib\site-packages\lightgbm\basic.py", line 2860, in set_field
    _LIB.LGBM_DatasetSetField(
OSError: exception: access violation reading 0x0000000000000000


2026-09-11 14:01:47,555:INFO:Initializing Dummy Classifier
2026-09-11 14:01:47,555:INFO:Total runtime is 0.2605262637138367 minutes
2026-09-11 14:01:47,555:INFO:SubProcess create_model() called ==================================
2026-09-11 14:01:47,557:INFO:Initializing create_model()
2026-09-11 14:01:47,557:INFO:create_model(self=<pycaret.classification.oop.ClassificationExperiment object at 0x0000027188080550>, estimator=dummy, fold=StratifiedKFold(n_splits=10, random_state=None, shuffle=False), round=4, cross_validation=True, predict=True, fit_kwargs={}, groups=None, refit=False, probability_threshold=None, experiment_custom_tags=None, verbose=False, system=False, add_to_model_list=True, metrics=None, display=<pycaret.internal.display.display.CommonDisplay object at 0x0000027183001330>, model_only=True, return_train_score=False, error_score=0.0, kwargs={})
2026-09-11 14:01:47,557:INFO:Checking exceptions
2026-09-11 14:01:47,557:INFO:Importing libraries
2026-09-11 14:01:47,557:INFO:Copying training dataset
2026-09-11 14:01:47,574:INFO:Defining folds
2026-09-11 14:01:47,576:INFO:Declaring metric variables
2026-09-11 14:01:47,576:INFO:Importing untrained model
2026-09-11 14:01:47,576:INFO:Dummy Classifier Imported successfully
2026-09-11 14:01:47,576:INFO:Starting cross validation
2026-09-11 14:01:47,578:INFO:Cross validating with StratifiedKFold(n_splits=10, random_state=None, shuffle=False), n_jobs=-1
2026-09-11 14:01:47,652:WARNING:C:\Users\jenny\AppData\Local\Programs\Python\Python310\lib\site-packages\sklearn\metrics\_classification.py:1509: UndefinedMetricWarning: Precision is ill-defined and being set to 0.0 due to no predicted samples. Use `zero_division` parameter to control this behavior.
  _warn_prf(average, modifier, f"{metric.capitalize()} is", len(result))

2026-09-11 14:01:47,652:WARNING:C:\Users\jenny\AppData\Local\Programs\Python\Python310\lib\site-packages\sklearn\metrics\_classification.py:1509: UndefinedMetricWarning: Precision is ill-defined and being set to 0.0 due to no predicted samples. Use `zero_division` parameter to control this behavior.
  _warn_prf(average, modifier, f"{metric.capitalize()} is", len(result))

2026-09-11 14:01:47,652:WARNING:C:\Users\jenny\AppData\Local\Programs\Python\Python310\lib\site-packages\sklearn\metrics\_classification.py:1509: UndefinedMetricWarning: Precision is ill-defined and being set to 0.0 due to no predicted samples. Use `zero_division` parameter to control this behavior.
  _warn_prf(average, modifier, f"{metric.capitalize()} is", len(result))

2026-09-11 14:01:47,660:WARNING:C:\Users\jenny\AppData\Local\Programs\Python\Python310\lib\site-packages\sklearn\metrics\_classification.py:1509: UndefinedMetricWarning: Precision is ill-defined and being set to 0.0 due to no predicted samples. Use `zero_division` parameter to control this behavior.
  _warn_prf(average, modifier, f"{metric.capitalize()} is", len(result))

2026-09-11 14:01:47,662:WARNING:C:\Users\jenny\AppData\Local\Programs\Python\Python310\lib\site-packages\sklearn\metrics\_classification.py:1509: UndefinedMetricWarning: Precision is ill-defined and being set to 0.0 due to no predicted samples. Use `zero_division` parameter to control this behavior.
  _warn_prf(average, modifier, f"{metric.capitalize()} is", len(result))

2026-09-11 14:01:47,662:WARNING:C:\Users\jenny\AppData\Local\Programs\Python\Python310\lib\site-packages\sklearn\metrics\_classification.py:1509: UndefinedMetricWarning: Precision is ill-defined and being set to 0.0 due to no predicted samples. Use `zero_division` parameter to control this behavior.
  _warn_prf(average, modifier, f"{metric.capitalize()} is", len(result))

2026-09-11 14:01:47,662:WARNING:C:\Users\jenny\AppData\Local\Programs\Python\Python310\lib\site-packages\sklearn\metrics\_classification.py:1509: UndefinedMetricWarning: Precision is ill-defined and being set to 0.0 due to no predicted samples. Use `zero_division` parameter to control this behavior.
  _warn_prf(average, modifier, f"{metric.capitalize()} is", len(result))

2026-09-11 14:01:47,662:WARNING:C:\Users\jenny\AppData\Local\Programs\Python\Python310\lib\site-packages\sklearn\metrics\_classification.py:1509: UndefinedMetricWarning: Precision is ill-defined and being set to 0.0 due to no predicted samples. Use `zero_division` parameter to control this behavior.
  _warn_prf(average, modifier, f"{metric.capitalize()} is", len(result))

2026-09-11 14:01:47,662:WARNING:C:\Users\jenny\AppData\Local\Programs\Python\Python310\lib\site-packages\sklearn\metrics\_classification.py:1509: UndefinedMetricWarning: Precision is ill-defined and being set to 0.0 due to no predicted samples. Use `zero_division` parameter to control this behavior.
  _warn_prf(average, modifier, f"{metric.capitalize()} is", len(result))

2026-09-11 14:01:47,671:WARNING:C:\Users\jenny\AppData\Local\Programs\Python\Python310\lib\site-packages\sklearn\metrics\_classification.py:1509: UndefinedMetricWarning: Precision is ill-defined and being set to 0.0 due to no predicted samples. Use `zero_division` parameter to control this behavior.
  _warn_prf(average, modifier, f"{metric.capitalize()} is", len(result))

2026-09-11 14:01:47,690:INFO:Calculating mean and std
2026-09-11 14:01:47,691:INFO:Creating metrics dataframe
2026-09-11 14:01:47,692:INFO:Uploading results into container
2026-09-11 14:01:47,692:INFO:Uploading model into container now
2026-09-11 14:01:47,692:INFO:_master_model_container: 13
2026-09-11 14:01:47,692:INFO:_display_container: 2
2026-09-11 14:01:47,692:INFO:DummyClassifier(constant=None, random_state=4344, strategy='prior')
2026-09-11 14:01:47,692:INFO:create_model() successfully completed......................................
2026-09-11 14:01:47,792:INFO:SubProcess create_model() end ==================================
2026-09-11 14:01:47,793:INFO:Creating metrics dataframe
2026-09-11 14:01:47,794:WARNING:C:\Users\jenny\AppData\Local\Programs\Python\Python310\lib\site-packages\pycaret\internal\pycaret_experiment\supervised_experiment.py:323: FutureWarning: Styler.applymap has been deprecated. Use Styler.map instead.
  master_display_.apply(

2026-09-11 14:01:47,808:INFO:Initializing create_model()
2026-09-11 14:01:47,809:INFO:create_model(self=<pycaret.classification.oop.ClassificationExperiment object at 0x0000027188080550>, estimator=GradientBoostingClassifier(ccp_alpha=0.0, criterion='friedman_mse', init=None,
                           learning_rate=0.1, loss='log_loss', max_depth=3,
                           max_features=None, max_leaf_nodes=None,
                           min_impurity_decrease=0.0, min_samples_leaf=1,
                           min_samples_split=2, min_weight_fraction_leaf=0.0,
                           n_estimators=100, n_iter_no_change=None,
                           random_state=4344, subsample=1.0, tol=0.0001,
                           validation_fraction=0.1, verbose=0,
                           warm_start=False), fold=StratifiedKFold(n_splits=10, random_state=None, shuffle=False), round=4, cross_validation=False, predict=False, fit_kwargs={}, groups=None, refit=True, probability_threshold=None, experiment_custom_tags=None, verbose=False, system=False, add_to_model_list=True, metrics=None, display=None, model_only=True, return_train_score=False, error_score=0.0, kwargs={})
2026-09-11 14:01:47,809:INFO:Checking exceptions
2026-09-11 14:01:47,809:INFO:Importing libraries
2026-09-11 14:01:47,809:INFO:Copying training dataset
2026-09-11 14:01:47,829:INFO:Defining folds
2026-09-11 14:01:47,829:INFO:Declaring metric variables
2026-09-11 14:01:47,830:INFO:Importing untrained model
2026-09-11 14:01:47,830:INFO:Declaring custom model
2026-09-11 14:01:47,831:INFO:Gradient Boosting Classifier Imported successfully
2026-09-11 14:01:47,832:INFO:Cross validation set to False
2026-09-11 14:01:47,833:INFO:Fitting Model
2026-09-11 14:01:50,494:INFO:GradientBoostingClassifier(ccp_alpha=0.0, criterion='friedman_mse', init=None,
                           learning_rate=0.1, loss='log_loss', max_depth=3,
                           max_features=None, max_leaf_nodes=None,
                           min_impurity_decrease=0.0, min_samples_leaf=1,
                           min_samples_split=2, min_weight_fraction_leaf=0.0,
                           n_estimators=100, n_iter_no_change=None,
                           random_state=4344, subsample=1.0, tol=0.0001,
                           validation_fraction=0.1, verbose=0,
                           warm_start=False)
2026-09-11 14:01:50,494:INFO:create_model() successfully completed......................................
2026-09-11 14:01:50,639:INFO:_master_model_container: 13
2026-09-11 14:01:50,639:INFO:_display_container: 2
2026-09-11 14:01:50,640:INFO:GradientBoostingClassifier(ccp_alpha=0.0, criterion='friedman_mse', init=None,
                           learning_rate=0.1, loss='log_loss', max_depth=3,
                           max_features=None, max_leaf_nodes=None,
                           min_impurity_decrease=0.0, min_samples_leaf=1,
                           min_samples_split=2, min_weight_fraction_leaf=0.0,
                           n_estimators=100, n_iter_no_change=None,
                           random_state=4344, subsample=1.0, tol=0.0001,
                           validation_fraction=0.1, verbose=0,
                           warm_start=False)
2026-09-11 14:01:50,640:INFO:compare_models() successfully completed......................................
2026-09-11 14:01:50,640:INFO:Initializing create_model()
2026-09-11 14:01:50,640:INFO:create_model(self=<pycaret.classification.oop.ClassificationExperiment object at 0x0000027188080550>, estimator=GradientBoostingClassifier(ccp_alpha=0.0, criterion='friedman_mse', init=None,
                           learning_rate=0.1, loss='log_loss', max_depth=3,
                           max_features=None, max_leaf_nodes=None,
                           min_impurity_decrease=0.0, min_samples_leaf=1,
                           min_samples_split=2, min_weight_fraction_leaf=0.0,
                           n_estimators=100, n_iter_no_change=None,
                           random_state=4344, subsample=1.0, tol=0.0001,
                           validation_fraction=0.1, verbose=0,
                           warm_start=False), fold=None, round=4, cross_validation=True, predict=True, fit_kwargs=None, groups=None, refit=True, probability_threshold=None, experiment_custom_tags=None, verbose=True, system=True, add_to_model_list=True, metrics=None, display=None, model_only=True, return_train_score=False, error_score=0.0, kwargs={})
2026-09-11 14:01:50,640:INFO:Checking exceptions
2026-09-11 14:01:50,641:INFO:Importing libraries
2026-09-11 14:01:50,641:INFO:Copying training dataset
2026-09-11 14:01:50,662:INFO:Defining folds
2026-09-11 14:01:50,664:INFO:Declaring metric variables
2026-09-11 14:01:50,664:INFO:Importing untrained model
2026-09-11 14:01:50,664:INFO:Declaring custom model
2026-09-11 14:01:50,665:INFO:Gradient Boosting Classifier Imported successfully
2026-09-11 14:01:50,665:INFO:Starting cross validation
2026-09-11 14:01:50,665:INFO:Cross validating with StratifiedKFold(n_splits=10, random_state=None, shuffle=False), n_jobs=-1
2026-09-11 14:01:56,907:INFO:Calculating mean and std
2026-09-11 14:01:56,907:INFO:Creating metrics dataframe
2026-09-11 14:01:56,907:INFO:Finalizing model
2026-09-11 14:01:58,896:INFO:Uploading results into container
2026-09-11 14:01:58,897:INFO:Uploading model into container now
2026-09-11 14:01:58,899:INFO:_master_model_container: 14
2026-09-11 14:01:58,899:INFO:_display_container: 3
2026-09-11 14:01:58,899:INFO:GradientBoostingClassifier(ccp_alpha=0.0, criterion='friedman_mse', init=None,
                           learning_rate=0.1, loss='log_loss', max_depth=3,
                           max_features=None, max_leaf_nodes=None,
                           min_impurity_decrease=0.0, min_samples_leaf=1,
                           min_samples_split=2, min_weight_fraction_leaf=0.0,
                           n_estimators=100, n_iter_no_change=None,
                           random_state=4344, subsample=1.0, tol=0.0001,
                           validation_fraction=0.1, verbose=0,
                           warm_start=False)
2026-09-11 14:01:58,899:INFO:create_model() successfully completed......................................
2026-09-11 14:01:58,971:INFO:Initializing finalize_model()
2026-09-11 14:01:58,971:INFO:finalize_model(self=<pycaret.classification.oop.ClassificationExperiment object at 0x0000027188080550>, estimator=GradientBoostingClassifier(ccp_alpha=0.0, criterion='friedman_mse', init=None,
                           learning_rate=0.1, loss='log_loss', max_depth=3,
                           max_features=None, max_leaf_nodes=None,
                           min_impurity_decrease=0.0, min_samples_leaf=1,
                           min_samples_split=2, min_weight_fraction_leaf=0.0,
                           n_estimators=100, n_iter_no_change=None,
                           random_state=4344, subsample=1.0, tol=0.0001,
                           validation_fraction=0.1, verbose=0,
                           warm_start=False), fit_kwargs=None, groups=None, model_only=False, experiment_custom_tags=None)
2026-09-11 14:01:58,971:INFO:Finalizing GradientBoostingClassifier(ccp_alpha=0.0, criterion='friedman_mse', init=None,
                           learning_rate=0.1, loss='log_loss', max_depth=3,
                           max_features=None, max_leaf_nodes=None,
                           min_impurity_decrease=0.0, min_samples_leaf=1,
                           min_samples_split=2, min_weight_fraction_leaf=0.0,
                           n_estimators=100, n_iter_no_change=None,
                           random_state=4344, subsample=1.0, tol=0.0001,
                           validation_fraction=0.1, verbose=0,
                           warm_start=False)
2026-09-11 14:01:58,985:INFO:Initializing create_model()
2026-09-11 14:01:58,985:INFO:create_model(self=<pycaret.classification.oop.ClassificationExperiment object at 0x0000027188080550>, estimator=GradientBoostingClassifier(ccp_alpha=0.0, criterion='friedman_mse', init=None,
                           learning_rate=0.1, loss='log_loss', max_depth=3,
                           max_features=None, max_leaf_nodes=None,
                           min_impurity_decrease=0.0, min_samples_leaf=1,
                           min_samples_split=2, min_weight_fraction_leaf=0.0,
                           n_estimators=100, n_iter_no_change=None,
                           random_state=4344, subsample=1.0, tol=0.0001,
                           validation_fraction=0.1, verbose=0,
                           warm_start=False), fold=None, round=4, cross_validation=False, predict=False, fit_kwargs={}, groups=None, refit=True, probability_threshold=None, experiment_custom_tags=None, verbose=False, system=False, add_to_model_list=False, metrics=None, display=None, model_only=False, return_train_score=False, error_score=0.0, kwargs={})
2026-09-11 14:01:58,985:INFO:Checking exceptions
2026-09-11 14:01:58,985:INFO:Importing libraries
2026-09-11 14:01:58,985:INFO:Copying training dataset
2026-09-11 14:01:58,985:INFO:Defining folds
2026-09-11 14:01:58,985:INFO:Declaring metric variables
2026-09-11 14:01:58,985:INFO:Importing untrained model
2026-09-11 14:01:58,985:INFO:Declaring custom model
2026-09-11 14:01:58,985:INFO:Gradient Boosting Classifier Imported successfully
2026-09-11 14:01:58,985:INFO:Cross validation set to False
2026-09-11 14:01:58,985:INFO:Fitting Model
2026-09-11 14:02:01,585:INFO:Pipeline(memory=Memory(location=None),
         steps=[('numerical_imputer',
                 TransformerWrapper(exclude=None,
                                    include=['grade', 'obsnum',
                                             'totalobs-forsession',
                                             'transitions', 'numactivities',
                                             'formatchanges', 'numformats',
                                             'obsv/act',
                                             'transitions/durations',
                                             'total time'],
                                    transformer=SimpleImputer(add_indicator=False,
                                                              copy=True,
                                                              fill_value=None,
                                                              keep_empty_features=False...
                                            criterion='friedman_mse', init=None,
                                            learning_rate=0.1, loss='log_loss',
                                            max_depth=3, max_features=None,
                                            max_leaf_nodes=None,
                                            min_impurity_decrease=0.0,
                                            min_samples_leaf=1,
                                            min_samples_split=2,
                                            min_weight_fraction_leaf=0.0,
                                            n_estimators=100,
                                            n_iter_no_change=None,
                                            random_state=4344, subsample=1.0,
                                            tol=0.0001, validation_fraction=0.1,
                                            verbose=0, warm_start=False))],
         verbose=False)
2026-09-11 14:02:01,585:INFO:create_model() successfully completed......................................
2026-09-11 14:02:01,634:INFO:_master_model_container: 14
2026-09-11 14:02:01,634:INFO:_display_container: 3
2026-09-11 14:02:01,650:INFO:Pipeline(memory=Memory(location=None),
         steps=[('numerical_imputer',
                 TransformerWrapper(exclude=None,
                                    include=['grade', 'obsnum',
                                             'totalobs-forsession',
                                             'transitions', 'numactivities',
                                             'formatchanges', 'numformats',
                                             'obsv/act',
                                             'transitions/durations',
                                             'total time'],
                                    transformer=SimpleImputer(add_indicator=False,
                                                              copy=True,
                                                              fill_value=None,
                                                              keep_empty_features=False...
                                            criterion='friedman_mse', init=None,
                                            learning_rate=0.1, loss='log_loss',
                                            max_depth=3, max_features=None,
                                            max_leaf_nodes=None,
                                            min_impurity_decrease=0.0,
                                            min_samples_leaf=1,
                                            min_samples_split=2,
                                            min_weight_fraction_leaf=0.0,
                                            n_estimators=100,
                                            n_iter_no_change=None,
                                            random_state=4344, subsample=1.0,
                                            tol=0.0001, validation_fraction=0.1,
                                            verbose=0, warm_start=False))],
         verbose=False)
2026-09-11 14:02:01,650:INFO:finalize_model() successfully completed......................................
2026-09-11 14:02:01,698:INFO:Initializing predict_model()
2026-09-11 14:02:01,698:INFO:predict_model(self=<pycaret.classification.oop.ClassificationExperiment object at 0x0000027188080550>, estimator=Pipeline(memory=Memory(location=None),
         steps=[('numerical_imputer',
                 TransformerWrapper(exclude=None,
                                    include=['grade', 'obsnum',
                                             'totalobs-forsession',
                                             'transitions', 'numactivities',
                                             'formatchanges', 'numformats',
                                             'obsv/act',
                                             'transitions/durations',
                                             'total time'],
                                    transformer=SimpleImputer(add_indicator=False,
                                                              copy=True,
                                                              fill_value=None,
                                                              keep_empty_features=False...
                                            criterion='friedman_mse', init=None,
                                            learning_rate=0.1, loss='log_loss',
                                            max_depth=3, max_features=None,
                                            max_leaf_nodes=None,
                                            min_impurity_decrease=0.0,
                                            min_samples_leaf=1,
                                            min_samples_split=2,
                                            min_weight_fraction_leaf=0.0,
                                            n_estimators=100,
                                            n_iter_no_change=None,
                                            random_state=4344, subsample=1.0,
                                            tol=0.0001, validation_fraction=0.1,
                                            verbose=0, warm_start=False))],
         verbose=False), probability_threshold=None, encoded_labels=False, raw_score=False, round=4, verbose=True, ml_usecase=None, preprocess=True, encode_labels=<function _SupervisedExperiment.predict_model.<locals>.encode_labels at 0x000002718132F6D0>)
2026-09-11 14:02:01,698:INFO:Checking exceptions
2026-09-11 14:02:01,698:INFO:Preloading libraries
2026-09-11 14:02:01,698:INFO:Set up data.
2026-09-11 14:02:01,715:INFO:Set up index.
2026-09-11 14:02:01,846:INFO:PyCaret ClassificationExperiment
2026-09-11 14:02:01,846:INFO:Logging name: clf-default-name
2026-09-11 14:02:01,846:INFO:ML Usecase: MLUsecase.CLASSIFICATION
2026-09-11 14:02:01,846:INFO:version 3.3.2
2026-09-11 14:02:01,846:INFO:Initializing setup()
2026-09-11 14:02:01,846:INFO:self.USI: 83ed
2026-09-11 14:02:01,846:INFO:self._variable_keys: {'X_test', 'n_jobs_param', 'target_param', '_ml_usecase', 'html_param', 'fold_generator', 'fold_groups_param', 'logging_param', 'is_multiclass', 'gpu_param', 'memory', 'fold_shuffle_param', 'USI', 'y_train', 'X', 'gpu_n_jobs_param', 'seed', 'fix_imbalance', 'X_train', 'y', 'exp_name_log', '_available_plots', 'log_plots_param', 'pipeline', 'exp_id', 'idx', 'data', 'y_test'}
2026-09-11 14:02:01,846:INFO:Checking environment
2026-09-11 14:02:01,846:INFO:python_version: 3.10.5
2026-09-11 14:02:01,846:INFO:python_build: ('tags/v3.10.5:f377153', 'Jun  6 2022 16:14:13')
2026-09-11 14:02:01,846:INFO:machine: AMD64
2026-09-11 14:02:01,846:INFO:platform: Windows-10-10.0.26200-SP0
2026-09-11 14:02:01,846:INFO:Memory: svmem(total=16749838336, available=2506047488, percent=85.0, used=14243790848, free=2506047488)
2026-09-11 14:02:01,846:INFO:Physical Core: 12
2026-09-11 14:02:01,846:INFO:Logical Core: 12
2026-09-11 14:02:01,846:INFO:Checking libraries
2026-09-11 14:02:01,846:INFO:System:
2026-09-11 14:02:01,846:INFO:    python: 3.10.5 (tags/v3.10.5:f377153, Jun  6 2022, 16:14:13) [MSC v.1929 64 bit (AMD64)]
2026-09-11 14:02:01,846:INFO:executable: C:\Users\jenny\AppData\Local\Programs\Python\Python310\python.exe
2026-09-11 14:02:01,846:INFO:   machine: Windows-10-10.0.26200-SP0
2026-09-11 14:02:01,846:INFO:PyCaret required dependencies:
2026-09-11 14:02:01,846:INFO:                 pip: 22.0.4
2026-09-11 14:02:01,846:INFO:          setuptools: 58.1.0
2026-09-11 14:02:01,846:INFO:             pycaret: 3.3.2
2026-09-11 14:02:01,846:INFO:             IPython: 8.37.0
2026-09-11 14:02:01,846:INFO:          ipywidgets: 8.1.9
2026-09-11 14:02:01,846:INFO:                tqdm: 4.67.1
2026-09-11 14:02:01,846:INFO:               numpy: 1.26.4
2026-09-11 14:02:01,846:INFO:              pandas: 2.1.4
2026-09-11 14:02:01,846:INFO:              jinja2: 3.1.6
2026-09-11 14:02:01,846:INFO:               scipy: 1.11.4
2026-09-11 14:02:01,846:INFO:              joblib: 1.3.2
2026-09-11 14:02:01,846:INFO:             sklearn: 1.4.2
2026-09-11 14:02:01,846:INFO:                pyod: 3.4.0
2026-09-11 14:02:01,846:INFO:            imblearn: 0.14.2
2026-09-11 14:02:01,846:INFO:   category_encoders: 2.7.0
2026-09-11 14:02:01,846:INFO:            lightgbm: 4.7.0
2026-09-11 14:02:01,846:INFO:               numba: 0.62.1
2026-09-11 14:02:01,846:INFO:            requests: 2.32.5
2026-09-11 14:02:01,846:INFO:          matplotlib: 3.7.5
2026-09-11 14:02:01,846:INFO:          scikitplot: 0.3.7
2026-09-11 14:02:01,846:INFO:         yellowbrick: 1.5
2026-09-11 14:02:01,846:INFO:              plotly: 6.9.0
2026-09-11 14:02:01,846:INFO:    plotly-resampler: Not installed
2026-09-11 14:02:01,846:INFO:             kaleido: 1.4.0
2026-09-11 14:02:01,846:INFO:           schemdraw: 0.15
2026-09-11 14:02:01,846:INFO:         statsmodels: 0.14.6
2026-09-11 14:02:01,846:INFO:              sktime: 0.26.0
2026-09-11 14:02:01,846:INFO:               tbats: 1.1.3
2026-09-11 14:02:01,846:INFO:            pmdarima: 2.0.4
2026-09-11 14:02:01,846:INFO:              psutil: 7.1.1
2026-09-11 14:02:01,846:INFO:          markupsafe: 3.0.3
2026-09-11 14:02:01,846:INFO:             pickle5: Not installed
2026-09-11 14:02:01,846:INFO:         cloudpickle: 3.1.2
2026-09-11 14:02:01,846:INFO:         deprecation: 2.1.0
2026-09-11 14:02:01,846:INFO:              xxhash: 4.0.1
2026-09-11 14:02:01,846:INFO:           wurlitzer: Not installed
2026-09-11 14:02:01,846:INFO:PyCaret optional dependencies:
2026-09-11 14:02:01,846:INFO:                shap: Not installed
2026-09-11 14:02:01,846:INFO:           interpret: Not installed
2026-09-11 14:02:01,846:INFO:                umap: Not installed
2026-09-11 14:02:01,846:INFO:     ydata_profiling: 4.18.0
2026-09-11 14:02:01,846:INFO:  explainerdashboard: Not installed
2026-09-11 14:02:01,846:INFO:             autoviz: Not installed
2026-09-11 14:02:01,846:INFO:           fairlearn: Not installed
2026-09-11 14:02:01,846:INFO:          deepchecks: Not installed
2026-09-11 14:02:01,846:INFO:             xgboost: Not installed
2026-09-11 14:02:01,846:INFO:            catboost: Not installed
2026-09-11 14:02:01,846:INFO:              kmodes: Not installed
2026-09-11 14:02:01,846:INFO:             mlxtend: Not installed
2026-09-11 14:02:01,846:INFO:       statsforecast: Not installed
2026-09-11 14:02:01,846:INFO:        tune_sklearn: Not installed
2026-09-11 14:02:01,846:INFO:                 ray: Not installed
2026-09-11 14:02:01,846:INFO:            hyperopt: Not installed
2026-09-11 14:02:01,846:INFO:              optuna: Not installed
2026-09-11 14:02:01,846:INFO:               skopt: Not installed
2026-09-11 14:02:01,846:INFO:              mlflow: Not installed
2026-09-11 14:02:01,846:INFO:              gradio: Not installed
2026-09-11 14:02:01,846:INFO:             fastapi: Not installed
2026-09-11 14:02:01,846:INFO:             uvicorn: Not installed
2026-09-11 14:02:01,846:INFO:              m2cgen: Not installed
2026-09-11 14:02:01,846:INFO:           evidently: Not installed
2026-09-11 14:02:01,846:INFO:               fugue: Not installed
2026-09-11 14:02:01,846:INFO:           streamlit: Not installed
2026-09-11 14:02:01,846:INFO:             prophet: Not installed
2026-09-11 14:02:01,846:INFO:None
2026-09-11 14:02:01,846:INFO:Set up data.
2026-09-11 14:02:01,859:INFO:Set up folding strategy.
2026-09-11 14:02:01,859:INFO:Set up train/test split.
2026-09-11 14:02:01,878:INFO:Set up index.
2026-09-11 14:02:01,878:INFO:Assigning column types.
2026-09-11 14:02:01,887:INFO:Engine successfully changes for model 'lr' to 'sklearn'.
2026-09-11 14:02:01,934:INFO:Engine for model 'knn' has not been set explicitly, hence returning None.
2026-09-11 14:02:01,934:INFO:Engine for model 'rbfsvm' has not been set explicitly, hence returning None.
2026-09-11 14:02:01,960:WARNING:
'xgboost' is a soft dependency and not included in the pycaret installation. Please run: `pip install xgboost` to install.
Alternately, you can install this by running `pip install pycaret[models]`
2026-09-11 14:02:01,960:WARNING:
'catboost' is a soft dependency and not included in the pycaret installation. Please run: `pip install catboost` to install.
Alternately, you can install this by running `pip install pycaret[models]`
2026-09-11 14:02:02,004:INFO:Engine for model 'knn' has not been set explicitly, hence returning None.
2026-09-11 14:02:02,004:INFO:Engine for model 'rbfsvm' has not been set explicitly, hence returning None.
2026-09-11 14:02:02,051:WARNING:
'xgboost' is a soft dependency and not included in the pycaret installation. Please run: `pip install xgboost` to install.
Alternately, you can install this by running `pip install pycaret[models]`
2026-09-11 14:02:02,051:WARNING:
'catboost' is a soft dependency and not included in the pycaret installation. Please run: `pip install catboost` to install.
Alternately, you can install this by running `pip install pycaret[models]`
2026-09-11 14:02:02,051:INFO:Engine successfully changes for model 'knn' to 'sklearn'.
2026-09-11 14:02:02,098:INFO:Engine for model 'rbfsvm' has not been set explicitly, hence returning None.
2026-09-11 14:02:02,127:WARNING:
'xgboost' is a soft dependency and not included in the pycaret installation. Please run: `pip install xgboost` to install.
Alternately, you can install this by running `pip install pycaret[models]`
2026-09-11 14:02:02,127:WARNING:
'catboost' is a soft dependency and not included in the pycaret installation. Please run: `pip install catboost` to install.
Alternately, you can install this by running `pip install pycaret[models]`
2026-09-11 14:02:02,174:INFO:Engine for model 'rbfsvm' has not been set explicitly, hence returning None.
2026-09-11 14:02:02,200:WARNING:
'xgboost' is a soft dependency and not included in the pycaret installation. Please run: `pip install xgboost` to install.
Alternately, you can install this by running `pip install pycaret[models]`
2026-09-11 14:02:02,200:WARNING:
'catboost' is a soft dependency and not included in the pycaret installation. Please run: `pip install catboost` to install.
Alternately, you can install this by running `pip install pycaret[models]`
2026-09-11 14:02:02,200:INFO:Engine successfully changes for model 'rbfsvm' to 'sklearn'.
2026-09-11 14:02:02,275:WARNING:
'xgboost' is a soft dependency and not included in the pycaret installation. Please run: `pip install xgboost` to install.
Alternately, you can install this by running `pip install pycaret[models]`
2026-09-11 14:02:02,275:WARNING:
'catboost' is a soft dependency and not included in the pycaret installation. Please run: `pip install catboost` to install.
Alternately, you can install this by running `pip install pycaret[models]`
2026-09-11 14:02:02,358:WARNING:
'xgboost' is a soft dependency and not included in the pycaret installation. Please run: `pip install xgboost` to install.
Alternately, you can install this by running `pip install pycaret[models]`
2026-09-11 14:02:02,358:WARNING:
'catboost' is a soft dependency and not included in the pycaret installation. Please run: `pip install catboost` to install.
Alternately, you can install this by running `pip install pycaret[models]`
2026-09-11 14:02:02,362:INFO:Preparing preprocessing pipeline...
2026-09-11 14:02:02,370:INFO:Set up simple imputation.
2026-09-11 14:02:02,370:INFO:Set up imbalanced handling.
2026-09-11 14:02:02,374:INFO:Set up column name cleaning.
2026-09-11 14:02:02,443:WARNING:C:\Users\jenny\AppData\Local\Programs\Python\Python310\lib\site-packages\joblib\externals\loky\backend\context.py:136: UserWarning: Could not find the number of physical cores for the following reason:
[WinError 2] The system cannot find the file specified
Returning the number of logical cores instead. You can silence this warning by setting LOKY_MAX_CPU_COUNT to the number of cores you want to use.
  warnings.warn(

2026-09-11 14:02:02,635:INFO:Finished creating preprocessing pipeline.
2026-09-11 14:02:02,640:INFO:Pipeline: Pipeline(memory=FastMemory(location=C:\Users\jenny\AppData\Local\Temp\joblib),
         steps=[('numerical_imputer',
                 TransformerWrapper(exclude=None,
                                    include=['grade', 'obsnum',
                                             'totalobs-forsession',
                                             'transitions', 'numactivities',
                                             'formatchanges', 'numformats',
                                             'obsv/act',
                                             'transitions/durations',
                                             'total time'],
                                    transformer=SimpleImputer(add_indicator=False,
                                                              copy=True,
                                                              f...
                                                              missing_values=nan,
                                                              strategy='most_frequent'))),
                ('balance',
                 TransformerWrapper(exclude=None, include=None,
                                    transformer=FixImbalancer(estimator=SMOTE(k_neighbors=5,
                                                                              random_state=None,
                                                                              sampling_strategy='auto')))),
                ('clean_column_names',
                 TransformerWrapper(exclude=None, include=None,
                                    transformer=CleanColumnNames(match='[\\]\\[\\,\\{\\}\\"\\:]+')))],
         verbose=False)
2026-09-11 14:02:02,640:INFO:Creating final display dataframe.
2026-09-11 14:02:02,855:INFO:Setup _display_container:                     Description             Value
0                    Session id              8974
1                        Target            ontask
2                   Target type            Binary
3           Original data shape       (22184, 17)
4        Transformed data shape       (27568, 17)
5   Transformed train set shape       (20912, 17)
6    Transformed test set shape        (6656, 17)
7              Numeric features                10
8                    Preprocess              True
9               Imputation type            simple
10           Numeric imputation              mean
11       Categorical imputation              mode
12                Fix imbalance              True
13         Fix imbalance method             SMOTE
14               Fold Generator   StratifiedKFold
15                  Fold Number                10
16                     CPU Jobs                -1
17                      Use GPU             False
18               Log Experiment             False
19              Experiment Name  clf-default-name
20                          USI              83ed
2026-09-11 14:02:02,907:WARNING:
'xgboost' is a soft dependency and not included in the pycaret installation. Please run: `pip install xgboost` to install.
Alternately, you can install this by running `pip install pycaret[models]`
2026-09-11 14:02:02,907:WARNING:
'catboost' is a soft dependency and not included in the pycaret installation. Please run: `pip install catboost` to install.
Alternately, you can install this by running `pip install pycaret[models]`
2026-09-11 14:02:02,986:WARNING:
'xgboost' is a soft dependency and not included in the pycaret installation. Please run: `pip install xgboost` to install.
Alternately, you can install this by running `pip install pycaret[models]`
2026-09-11 14:02:02,986:WARNING:
'catboost' is a soft dependency and not included in the pycaret installation. Please run: `pip install catboost` to install.
Alternately, you can install this by running `pip install pycaret[models]`
2026-09-11 14:02:02,988:INFO:setup() successfully completed in 1.14s...............
2026-09-11 14:02:02,988:INFO:Initializing compare_models()
2026-09-11 14:02:02,988:INFO:compare_models(self=<pycaret.classification.oop.ClassificationExperiment object at 0x0000027182F1D7B0>, include=None, fold=None, round=4, cross_validation=True, sort=Accuracy, n_select=1, budget_time=None, turbo=True, errors=ignore, fit_kwargs=None, groups=None, experiment_custom_tags=None, probability_threshold=None, verbose=True, parallel=None, caller_params={'self': <pycaret.classification.oop.ClassificationExperiment object at 0x0000027182F1D7B0>, 'include': None, 'exclude': None, 'fold': None, 'round': 4, 'cross_validation': True, 'sort': 'Accuracy', 'n_select': 1, 'budget_time': None, 'turbo': True, 'errors': 'ignore', 'fit_kwargs': None, 'groups': None, 'experiment_custom_tags': None, 'probability_threshold': None, 'engine': None, 'verbose': True, 'parallel': None, '__class__': <class 'pycaret.classification.oop.ClassificationExperiment'>}, exclude=None)
2026-09-11 14:02:02,988:INFO:Checking exceptions
2026-09-11 14:02:02,994:INFO:Preparing display monitor
2026-09-11 14:02:02,996:INFO:Initializing Logistic Regression
2026-09-11 14:02:02,996:INFO:Total runtime is 0.0 minutes
2026-09-11 14:02:02,997:INFO:SubProcess create_model() called ==================================
2026-09-11 14:02:02,997:INFO:Initializing create_model()
2026-09-11 14:02:02,997:INFO:create_model(self=<pycaret.classification.oop.ClassificationExperiment object at 0x0000027182F1D7B0>, estimator=lr, fold=StratifiedKFold(n_splits=10, random_state=None, shuffle=False), round=4, cross_validation=True, predict=True, fit_kwargs={}, groups=None, refit=False, probability_threshold=None, experiment_custom_tags=None, verbose=False, system=False, add_to_model_list=True, metrics=None, display=<pycaret.internal.display.display.CommonDisplay object at 0x00000271880412D0>, model_only=True, return_train_score=False, error_score=0.0, kwargs={})
2026-09-11 14:02:02,997:INFO:Checking exceptions
2026-09-11 14:02:02,997:INFO:Importing libraries
2026-09-11 14:02:02,997:INFO:Copying training dataset
2026-09-11 14:02:03,009:INFO:Defining folds
2026-09-11 14:02:03,009:INFO:Declaring metric variables
2026-09-11 14:02:03,011:INFO:Importing untrained model
2026-09-11 14:02:03,011:INFO:Logistic Regression Imported successfully
2026-09-11 14:02:03,011:INFO:Starting cross validation
2026-09-11 14:02:03,011:INFO:Cross validating with StratifiedKFold(n_splits=10, random_state=None, shuffle=False), n_jobs=-1
2026-09-11 14:02:05,134:WARNING:C:\Users\jenny\AppData\Local\Programs\Python\Python310\lib\site-packages\sklearn\linear_model\_logistic.py:469: ConvergenceWarning: lbfgs failed to converge (status=1):
STOP: TOTAL NO. of ITERATIONS REACHED LIMIT.

Increase the number of iterations (max_iter) or scale the data as shown in:
    https://scikit-learn.org/stable/modules/preprocessing.html
Please also refer to the documentation for alternative solver options:
    https://scikit-learn.org/stable/modules/linear_model.html#logistic-regression
  n_iter_i = _check_optimize_result(

2026-09-11 14:02:05,144:WARNING:C:\Users\jenny\AppData\Local\Programs\Python\Python310\lib\site-packages\sklearn\linear_model\_logistic.py:469: ConvergenceWarning: lbfgs failed to converge (status=1):
STOP: TOTAL NO. of ITERATIONS REACHED LIMIT.

Increase the number of iterations (max_iter) or scale the data as shown in:
    https://scikit-learn.org/stable/modules/preprocessing.html
Please also refer to the documentation for alternative solver options:
    https://scikit-learn.org/stable/modules/linear_model.html#logistic-regression
  n_iter_i = _check_optimize_result(

2026-09-11 14:02:05,148:WARNING:C:\Users\jenny\AppData\Local\Programs\Python\Python310\lib\site-packages\sklearn\linear_model\_logistic.py:469: ConvergenceWarning: lbfgs failed to converge (status=1):
STOP: TOTAL NO. of ITERATIONS REACHED LIMIT.

Increase the number of iterations (max_iter) or scale the data as shown in:
    https://scikit-learn.org/stable/modules/preprocessing.html
Please also refer to the documentation for alternative solver options:
    https://scikit-learn.org/stable/modules/linear_model.html#logistic-regression
  n_iter_i = _check_optimize_result(

2026-09-11 14:02:05,151:WARNING:C:\Users\jenny\AppData\Local\Programs\Python\Python310\lib\site-packages\sklearn\linear_model\_logistic.py:469: ConvergenceWarning: lbfgs failed to converge (status=1):
STOP: TOTAL NO. of ITERATIONS REACHED LIMIT.

Increase the number of iterations (max_iter) or scale the data as shown in:
    https://scikit-learn.org/stable/modules/preprocessing.html
Please also refer to the documentation for alternative solver options:
    https://scikit-learn.org/stable/modules/linear_model.html#logistic-regression
  n_iter_i = _check_optimize_result(

2026-09-11 14:02:05,165:WARNING:C:\Users\jenny\AppData\Local\Programs\Python\Python310\lib\site-packages\sklearn\linear_model\_logistic.py:469: ConvergenceWarning: lbfgs failed to converge (status=1):
STOP: TOTAL NO. of ITERATIONS REACHED LIMIT.

Increase the number of iterations (max_iter) or scale the data as shown in:
    https://scikit-learn.org/stable/modules/preprocessing.html
Please also refer to the documentation for alternative solver options:
    https://scikit-learn.org/stable/modules/linear_model.html#logistic-regression
  n_iter_i = _check_optimize_result(

2026-09-11 14:02:05,180:WARNING:C:\Users\jenny\AppData\Local\Programs\Python\Python310\lib\site-packages\sklearn\linear_model\_logistic.py:469: ConvergenceWarning: lbfgs failed to converge (status=1):
STOP: TOTAL NO. of ITERATIONS REACHED LIMIT.

Increase the number of iterations (max_iter) or scale the data as shown in:
    https://scikit-learn.org/stable/modules/preprocessing.html
Please also refer to the documentation for alternative solver options:
    https://scikit-learn.org/stable/modules/linear_model.html#logistic-regression
  n_iter_i = _check_optimize_result(

2026-09-11 14:02:05,181:WARNING:C:\Users\jenny\AppData\Local\Programs\Python\Python310\lib\site-packages\sklearn\linear_model\_logistic.py:469: ConvergenceWarning: lbfgs failed to converge (status=1):
STOP: TOTAL NO. of ITERATIONS REACHED LIMIT.

Increase the number of iterations (max_iter) or scale the data as shown in:
    https://scikit-learn.org/stable/modules/preprocessing.html
Please also refer to the documentation for alternative solver options:
    https://scikit-learn.org/stable/modules/linear_model.html#logistic-regression
  n_iter_i = _check_optimize_result(

2026-09-11 14:02:05,187:WARNING:C:\Users\jenny\AppData\Local\Programs\Python\Python310\lib\site-packages\sklearn\linear_model\_logistic.py:469: ConvergenceWarning: lbfgs failed to converge (status=1):
STOP: TOTAL NO. of ITERATIONS REACHED LIMIT.

Increase the number of iterations (max_iter) or scale the data as shown in:
    https://scikit-learn.org/stable/modules/preprocessing.html
Please also refer to the documentation for alternative solver options:
    https://scikit-learn.org/stable/modules/linear_model.html#logistic-regression
  n_iter_i = _check_optimize_result(

2026-09-11 14:02:05,188:WARNING:C:\Users\jenny\AppData\Local\Programs\Python\Python310\lib\site-packages\sklearn\linear_model\_logistic.py:469: ConvergenceWarning: lbfgs failed to converge (status=1):
STOP: TOTAL NO. of ITERATIONS REACHED LIMIT.

Increase the number of iterations (max_iter) or scale the data as shown in:
    https://scikit-learn.org/stable/modules/preprocessing.html
Please also refer to the documentation for alternative solver options:
    https://scikit-learn.org/stable/modules/linear_model.html#logistic-regression
  n_iter_i = _check_optimize_result(

2026-09-11 14:02:05,195:WARNING:C:\Users\jenny\AppData\Local\Programs\Python\Python310\lib\site-packages\sklearn\linear_model\_logistic.py:469: ConvergenceWarning: lbfgs failed to converge (status=1):
STOP: TOTAL NO. of ITERATIONS REACHED LIMIT.

Increase the number of iterations (max_iter) or scale the data as shown in:
    https://scikit-learn.org/stable/modules/preprocessing.html
Please also refer to the documentation for alternative solver options:
    https://scikit-learn.org/stable/modules/linear_model.html#logistic-regression
  n_iter_i = _check_optimize_result(

2026-09-11 14:02:05,225:INFO:Calculating mean and std
2026-09-11 14:02:05,226:INFO:Creating metrics dataframe
2026-09-11 14:02:05,228:INFO:Uploading results into container
2026-09-11 14:02:05,229:INFO:Uploading model into container now
2026-09-11 14:02:05,229:INFO:_master_model_container: 1
2026-09-11 14:02:05,230:INFO:_display_container: 2
2026-09-11 14:02:05,230:INFO:LogisticRegression(C=1.0, class_weight=None, dual=False, fit_intercept=True,
                   intercept_scaling=1, l1_ratio=None, max_iter=1000,
                   multi_class='auto', n_jobs=None, penalty='l2',
                   random_state=8974, solver='lbfgs', tol=0.0001, verbose=0,
                   warm_start=False)
2026-09-11 14:02:05,230:INFO:create_model() successfully completed......................................
2026-09-11 14:02:05,283:INFO:SubProcess create_model() end ==================================
2026-09-11 14:02:05,283:INFO:Creating metrics dataframe
2026-09-11 14:02:05,287:INFO:Initializing K Neighbors Classifier
2026-09-11 14:02:05,287:INFO:Total runtime is 0.038190635045369466 minutes
2026-09-11 14:02:05,287:INFO:SubProcess create_model() called ==================================
2026-09-11 14:02:05,287:INFO:Initializing create_model()
2026-09-11 14:02:05,287:INFO:create_model(self=<pycaret.classification.oop.ClassificationExperiment object at 0x0000027182F1D7B0>, estimator=knn, fold=StratifiedKFold(n_splits=10, random_state=None, shuffle=False), round=4, cross_validation=True, predict=True, fit_kwargs={}, groups=None, refit=False, probability_threshold=None, experiment_custom_tags=None, verbose=False, system=False, add_to_model_list=True, metrics=None, display=<pycaret.internal.display.display.CommonDisplay object at 0x00000271880412D0>, model_only=True, return_train_score=False, error_score=0.0, kwargs={})
2026-09-11 14:02:05,287:INFO:Checking exceptions
2026-09-11 14:02:05,287:INFO:Importing libraries
2026-09-11 14:02:05,287:INFO:Copying training dataset
2026-09-11 14:02:05,298:INFO:Defining folds
2026-09-11 14:02:05,298:INFO:Declaring metric variables
2026-09-11 14:02:05,298:INFO:Importing untrained model
2026-09-11 14:02:05,300:INFO:K Neighbors Classifier Imported successfully
2026-09-11 14:02:05,300:INFO:Starting cross validation
2026-09-11 14:02:05,300:INFO:Cross validating with StratifiedKFold(n_splits=10, random_state=None, shuffle=False), n_jobs=-1
2026-09-11 14:02:05,869:INFO:Calculating mean and std
2026-09-11 14:02:05,869:INFO:Creating metrics dataframe
2026-09-11 14:02:05,869:INFO:Uploading results into container
2026-09-11 14:02:05,869:INFO:Uploading model into container now
2026-09-11 14:02:05,869:INFO:_master_model_container: 2
2026-09-11 14:02:05,869:INFO:_display_container: 2
2026-09-11 14:02:05,869:INFO:KNeighborsClassifier(algorithm='auto', leaf_size=30, metric='minkowski',
                     metric_params=None, n_jobs=-1, n_neighbors=5, p=2,
                     weights='uniform')
2026-09-11 14:02:05,869:INFO:create_model() successfully completed......................................
2026-09-11 14:02:05,929:INFO:SubProcess create_model() end ==================================
2026-09-11 14:02:05,929:INFO:Creating metrics dataframe
2026-09-11 14:02:05,932:INFO:Initializing Naive Bayes
2026-09-11 14:02:05,932:INFO:Total runtime is 0.04894115924835205 minutes
2026-09-11 14:02:05,932:INFO:SubProcess create_model() called ==================================
2026-09-11 14:02:05,932:INFO:Initializing create_model()
2026-09-11 14:02:05,932:INFO:create_model(self=<pycaret.classification.oop.ClassificationExperiment object at 0x0000027182F1D7B0>, estimator=nb, fold=StratifiedKFold(n_splits=10, random_state=None, shuffle=False), round=4, cross_validation=True, predict=True, fit_kwargs={}, groups=None, refit=False, probability_threshold=None, experiment_custom_tags=None, verbose=False, system=False, add_to_model_list=True, metrics=None, display=<pycaret.internal.display.display.CommonDisplay object at 0x00000271880412D0>, model_only=True, return_train_score=False, error_score=0.0, kwargs={})
2026-09-11 14:02:05,932:INFO:Checking exceptions
2026-09-11 14:02:05,932:INFO:Importing libraries
2026-09-11 14:02:05,935:INFO:Copying training dataset
2026-09-11 14:02:05,948:INFO:Defining folds
2026-09-11 14:02:05,948:INFO:Declaring metric variables
2026-09-11 14:02:05,948:INFO:Importing untrained model
2026-09-11 14:02:05,948:INFO:Naive Bayes Imported successfully
2026-09-11 14:02:05,948:INFO:Starting cross validation
2026-09-11 14:02:05,948:INFO:Cross validating with StratifiedKFold(n_splits=10, random_state=None, shuffle=False), n_jobs=-1
2026-09-11 14:02:06,206:INFO:Calculating mean and std
2026-09-11 14:02:06,206:INFO:Creating metrics dataframe
2026-09-11 14:02:06,206:INFO:Uploading results into container
2026-09-11 14:02:06,206:INFO:Uploading model into container now
2026-09-11 14:02:06,206:INFO:_master_model_container: 3
2026-09-11 14:02:06,206:INFO:_display_container: 2
2026-09-11 14:02:06,206:INFO:GaussianNB(priors=None, var_smoothing=1e-09)
2026-09-11 14:02:06,206:INFO:create_model() successfully completed......................................
2026-09-11 14:02:06,267:INFO:SubProcess create_model() end ==================================
2026-09-11 14:02:06,267:INFO:Creating metrics dataframe
2026-09-11 14:02:06,269:INFO:Initializing Decision Tree Classifier
2026-09-11 14:02:06,269:INFO:Total runtime is 0.054556560516357426 minutes
2026-09-11 14:02:06,269:INFO:SubProcess create_model() called ==================================
2026-09-11 14:02:06,269:INFO:Initializing create_model()
2026-09-11 14:02:06,269:INFO:create_model(self=<pycaret.classification.oop.ClassificationExperiment object at 0x0000027182F1D7B0>, estimator=dt, fold=StratifiedKFold(n_splits=10, random_state=None, shuffle=False), round=4, cross_validation=True, predict=True, fit_kwargs={}, groups=None, refit=False, probability_threshold=None, experiment_custom_tags=None, verbose=False, system=False, add_to_model_list=True, metrics=None, display=<pycaret.internal.display.display.CommonDisplay object at 0x00000271880412D0>, model_only=True, return_train_score=False, error_score=0.0, kwargs={})
2026-09-11 14:02:06,269:INFO:Checking exceptions
2026-09-11 14:02:06,269:INFO:Importing libraries
2026-09-11 14:02:06,269:INFO:Copying training dataset
2026-09-11 14:02:06,283:INFO:Defining folds
2026-09-11 14:02:06,283:INFO:Declaring metric variables
2026-09-11 14:02:06,283:INFO:Importing untrained model
2026-09-11 14:02:06,285:INFO:Decision Tree Classifier Imported successfully
2026-09-11 14:02:06,285:INFO:Starting cross validation
2026-09-11 14:02:06,285:INFO:Cross validating with StratifiedKFold(n_splits=10, random_state=None, shuffle=False), n_jobs=-1
2026-09-11 14:02:06,670:INFO:Calculating mean and std
2026-09-11 14:02:06,670:INFO:Creating metrics dataframe
2026-09-11 14:02:06,672:INFO:Uploading results into container
2026-09-11 14:02:06,672:INFO:Uploading model into container now
2026-09-11 14:02:06,672:INFO:_master_model_container: 4
2026-09-11 14:02:06,672:INFO:_display_container: 2
2026-09-11 14:02:06,672:INFO:DecisionTreeClassifier(ccp_alpha=0.0, class_weight=None, criterion='gini',
                       max_depth=None, max_features=None, max_leaf_nodes=None,
                       min_impurity_decrease=0.0, min_samples_leaf=1,
                       min_samples_split=2, min_weight_fraction_leaf=0.0,
                       monotonic_cst=None, random_state=8974, splitter='best')
2026-09-11 14:02:06,672:INFO:create_model() successfully completed......................................
2026-09-11 14:02:06,729:INFO:SubProcess create_model() end ==================================
2026-09-11 14:02:06,729:INFO:Creating metrics dataframe
2026-09-11 14:02:06,731:INFO:Initializing SVM - Linear Kernel
2026-09-11 14:02:06,731:INFO:Total runtime is 0.062252585093180345 minutes
2026-09-11 14:02:06,733:INFO:SubProcess create_model() called ==================================
2026-09-11 14:02:06,733:INFO:Initializing create_model()
2026-09-11 14:02:06,733:INFO:create_model(self=<pycaret.classification.oop.ClassificationExperiment object at 0x0000027182F1D7B0>, estimator=svm, fold=StratifiedKFold(n_splits=10, random_state=None, shuffle=False), round=4, cross_validation=True, predict=True, fit_kwargs={}, groups=None, refit=False, probability_threshold=None, experiment_custom_tags=None, verbose=False, system=False, add_to_model_list=True, metrics=None, display=<pycaret.internal.display.display.CommonDisplay object at 0x00000271880412D0>, model_only=True, return_train_score=False, error_score=0.0, kwargs={})
2026-09-11 14:02:06,733:INFO:Checking exceptions
2026-09-11 14:02:06,733:INFO:Importing libraries
2026-09-11 14:02:06,733:INFO:Copying training dataset
2026-09-11 14:02:06,746:INFO:Defining folds
2026-09-11 14:02:06,746:INFO:Declaring metric variables
2026-09-11 14:02:06,746:INFO:Importing untrained model
2026-09-11 14:02:06,746:INFO:SVM - Linear Kernel Imported successfully
2026-09-11 14:02:06,746:INFO:Starting cross validation
2026-09-11 14:02:06,748:INFO:Cross validating with StratifiedKFold(n_splits=10, random_state=None, shuffle=False), n_jobs=-1
2026-09-11 14:02:07,323:WARNING:C:\Users\jenny\AppData\Local\Programs\Python\Python310\lib\site-packages\sklearn\metrics\_classification.py:1509: UndefinedMetricWarning: Precision is ill-defined and being set to 0.0 due to no predicted samples. Use `zero_division` parameter to control this behavior.
  _warn_prf(average, modifier, f"{metric.capitalize()} is", len(result))

2026-09-11 14:02:07,401:WARNING:C:\Users\jenny\AppData\Local\Programs\Python\Python310\lib\site-packages\sklearn\metrics\_classification.py:1509: UndefinedMetricWarning: Precision is ill-defined and being set to 0.0 due to no predicted samples. Use `zero_division` parameter to control this behavior.
  _warn_prf(average, modifier, f"{metric.capitalize()} is", len(result))

2026-09-11 14:02:07,465:INFO:Calculating mean and std
2026-09-11 14:02:07,465:INFO:Creating metrics dataframe
2026-09-11 14:02:07,465:INFO:Uploading results into container
2026-09-11 14:02:07,465:INFO:Uploading model into container now
2026-09-11 14:02:07,465:INFO:_master_model_container: 5
2026-09-11 14:02:07,465:INFO:_display_container: 2
2026-09-11 14:02:07,465:INFO:SGDClassifier(alpha=0.0001, average=False, class_weight=None,
              early_stopping=False, epsilon=0.1, eta0=0.001, fit_intercept=True,
              l1_ratio=0.15, learning_rate='optimal', loss='hinge',
              max_iter=1000, n_iter_no_change=5, n_jobs=-1, penalty='l2',
              power_t=0.5, random_state=8974, shuffle=True, tol=0.001,
              validation_fraction=0.1, verbose=0, warm_start=False)
2026-09-11 14:02:07,465:INFO:create_model() successfully completed......................................
2026-09-11 14:02:07,524:INFO:SubProcess create_model() end ==================================
2026-09-11 14:02:07,524:INFO:Creating metrics dataframe
2026-09-11 14:02:07,524:INFO:Initializing Ridge Classifier
2026-09-11 14:02:07,524:INFO:Total runtime is 0.07546752293904622 minutes
2026-09-11 14:02:07,524:INFO:SubProcess create_model() called ==================================
2026-09-11 14:02:07,524:INFO:Initializing create_model()
2026-09-11 14:02:07,524:INFO:create_model(self=<pycaret.classification.oop.ClassificationExperiment object at 0x0000027182F1D7B0>, estimator=ridge, fold=StratifiedKFold(n_splits=10, random_state=None, shuffle=False), round=4, cross_validation=True, predict=True, fit_kwargs={}, groups=None, refit=False, probability_threshold=None, experiment_custom_tags=None, verbose=False, system=False, add_to_model_list=True, metrics=None, display=<pycaret.internal.display.display.CommonDisplay object at 0x00000271880412D0>, model_only=True, return_train_score=False, error_score=0.0, kwargs={})
2026-09-11 14:02:07,524:INFO:Checking exceptions
2026-09-11 14:02:07,524:INFO:Importing libraries
2026-09-11 14:02:07,524:INFO:Copying training dataset
2026-09-11 14:02:07,542:INFO:Defining folds
2026-09-11 14:02:07,542:INFO:Declaring metric variables
2026-09-11 14:02:07,542:INFO:Importing untrained model
2026-09-11 14:02:07,542:INFO:Ridge Classifier Imported successfully
2026-09-11 14:02:07,542:INFO:Starting cross validation
2026-09-11 14:02:07,542:INFO:Cross validating with StratifiedKFold(n_splits=10, random_state=None, shuffle=False), n_jobs=-1
2026-09-11 14:02:08,119:INFO:Calculating mean and std
2026-09-11 14:02:08,119:INFO:Creating metrics dataframe
2026-09-11 14:02:08,119:INFO:Uploading results into container
2026-09-11 14:02:08,119:INFO:Uploading model into container now
2026-09-11 14:02:08,119:INFO:_master_model_container: 6
2026-09-11 14:02:08,119:INFO:_display_container: 2
2026-09-11 14:02:08,119:INFO:RidgeClassifier(alpha=1.0, class_weight=None, copy_X=True, fit_intercept=True,
                max_iter=None, positive=False, random_state=8974, solver='auto',
                tol=0.0001)
2026-09-11 14:02:08,119:INFO:create_model() successfully completed......................................
2026-09-11 14:02:08,180:INFO:SubProcess create_model() end ==================================
2026-09-11 14:02:08,180:INFO:Creating metrics dataframe
2026-09-11 14:02:08,180:INFO:Initializing Random Forest Classifier
2026-09-11 14:02:08,180:INFO:Total runtime is 0.0864037831624349 minutes
2026-09-11 14:02:08,180:INFO:SubProcess create_model() called ==================================
2026-09-11 14:02:08,180:INFO:Initializing create_model()
2026-09-11 14:02:08,180:INFO:create_model(self=<pycaret.classification.oop.ClassificationExperiment object at 0x0000027182F1D7B0>, estimator=rf, fold=StratifiedKFold(n_splits=10, random_state=None, shuffle=False), round=4, cross_validation=True, predict=True, fit_kwargs={}, groups=None, refit=False, probability_threshold=None, experiment_custom_tags=None, verbose=False, system=False, add_to_model_list=True, metrics=None, display=<pycaret.internal.display.display.CommonDisplay object at 0x00000271880412D0>, model_only=True, return_train_score=False, error_score=0.0, kwargs={})
2026-09-11 14:02:08,180:INFO:Checking exceptions
2026-09-11 14:02:08,180:INFO:Importing libraries
2026-09-11 14:02:08,180:INFO:Copying training dataset
2026-09-11 14:02:08,180:INFO:Defining folds
2026-09-11 14:02:08,180:INFO:Declaring metric variables
2026-09-11 14:02:08,180:INFO:Importing untrained model
2026-09-11 14:02:08,180:INFO:Random Forest Classifier Imported successfully
2026-09-11 14:02:08,198:INFO:Starting cross validation
2026-09-11 14:02:08,198:INFO:Cross validating with StratifiedKFold(n_splits=10, random_state=None, shuffle=False), n_jobs=-1
2026-09-11 14:02:18,936:INFO:Calculating mean and std
2026-09-11 14:02:18,936:INFO:Creating metrics dataframe
2026-09-11 14:02:18,936:INFO:Uploading results into container
2026-09-11 14:02:18,936:INFO:Uploading model into container now
2026-09-11 14:02:18,936:INFO:_master_model_container: 7
2026-09-11 14:02:18,936:INFO:_display_container: 2
2026-09-11 14:02:18,936:INFO:RandomForestClassifier(bootstrap=True, ccp_alpha=0.0, class_weight=None,
                       criterion='gini', max_depth=None, max_features='sqrt',
                       max_leaf_nodes=None, max_samples=None,
                       min_impurity_decrease=0.0, min_samples_leaf=1,
                       min_samples_split=2, min_weight_fraction_leaf=0.0,
                       monotonic_cst=None, n_estimators=100, n_jobs=-1,
                       oob_score=False, random_state=8974, verbose=0,
                       warm_start=False)
2026-09-11 14:02:18,936:INFO:create_model() successfully completed......................................
2026-09-11 14:02:19,027:INFO:SubProcess create_model() end ==================================
2026-09-11 14:02:19,027:INFO:Creating metrics dataframe
2026-09-11 14:02:19,027:INFO:Initializing Quadratic Discriminant Analysis
2026-09-11 14:02:19,027:INFO:Total runtime is 0.2671878774960836 minutes
2026-09-11 14:02:19,027:INFO:SubProcess create_model() called ==================================
2026-09-11 14:02:19,027:INFO:Initializing create_model()
2026-09-11 14:02:19,027:INFO:create_model(self=<pycaret.classification.oop.ClassificationExperiment object at 0x0000027182F1D7B0>, estimator=qda, fold=StratifiedKFold(n_splits=10, random_state=None, shuffle=False), round=4, cross_validation=True, predict=True, fit_kwargs={}, groups=None, refit=False, probability_threshold=None, experiment_custom_tags=None, verbose=False, system=False, add_to_model_list=True, metrics=None, display=<pycaret.internal.display.display.CommonDisplay object at 0x00000271880412D0>, model_only=True, return_train_score=False, error_score=0.0, kwargs={})
2026-09-11 14:02:19,027:INFO:Checking exceptions
2026-09-11 14:02:19,027:INFO:Importing libraries
2026-09-11 14:02:19,027:INFO:Copying training dataset
2026-09-11 14:02:19,045:INFO:Defining folds
2026-09-11 14:02:19,045:INFO:Declaring metric variables
2026-09-11 14:02:19,045:INFO:Importing untrained model
2026-09-11 14:02:19,045:INFO:Quadratic Discriminant Analysis Imported successfully
2026-09-11 14:02:19,045:INFO:Starting cross validation
2026-09-11 14:02:19,045:INFO:Cross validating with StratifiedKFold(n_splits=10, random_state=None, shuffle=False), n_jobs=-1
2026-09-11 14:02:19,505:WARNING:C:\Users\jenny\AppData\Local\Programs\Python\Python310\lib\site-packages\sklearn\discriminant_analysis.py:935: UserWarning: Variables are collinear
  warnings.warn("Variables are collinear")

2026-09-11 14:02:19,541:WARNING:C:\Users\jenny\AppData\Local\Programs\Python\Python310\lib\site-packages\sklearn\discriminant_analysis.py:935: UserWarning: Variables are collinear
  warnings.warn("Variables are collinear")

2026-09-11 14:02:19,576:WARNING:C:\Users\jenny\AppData\Local\Programs\Python\Python310\lib\site-packages\sklearn\discriminant_analysis.py:935: UserWarning: Variables are collinear
  warnings.warn("Variables are collinear")

2026-09-11 14:02:19,576:WARNING:C:\Users\jenny\AppData\Local\Programs\Python\Python310\lib\site-packages\sklearn\discriminant_analysis.py:935: UserWarning: Variables are collinear
  warnings.warn("Variables are collinear")

2026-09-11 14:02:19,610:WARNING:C:\Users\jenny\AppData\Local\Programs\Python\Python310\lib\site-packages\sklearn\discriminant_analysis.py:935: UserWarning: Variables are collinear
  warnings.warn("Variables are collinear")

2026-09-11 14:02:19,610:WARNING:C:\Users\jenny\AppData\Local\Programs\Python\Python310\lib\site-packages\sklearn\discriminant_analysis.py:935: UserWarning: Variables are collinear
  warnings.warn("Variables are collinear")

2026-09-11 14:02:19,627:WARNING:C:\Users\jenny\AppData\Local\Programs\Python\Python310\lib\site-packages\sklearn\discriminant_analysis.py:935: UserWarning: Variables are collinear
  warnings.warn("Variables are collinear")

2026-09-11 14:02:19,627:WARNING:C:\Users\jenny\AppData\Local\Programs\Python\Python310\lib\site-packages\sklearn\discriminant_analysis.py:935: UserWarning: Variables are collinear
  warnings.warn("Variables are collinear")

2026-09-11 14:02:19,645:WARNING:C:\Users\jenny\AppData\Local\Programs\Python\Python310\lib\site-packages\sklearn\discriminant_analysis.py:935: UserWarning: Variables are collinear
  warnings.warn("Variables are collinear")

2026-09-11 14:02:19,645:WARNING:C:\Users\jenny\AppData\Local\Programs\Python\Python310\lib\site-packages\sklearn\discriminant_analysis.py:935: UserWarning: Variables are collinear
  warnings.warn("Variables are collinear")

2026-09-11 14:02:19,714:INFO:Calculating mean and std
2026-09-11 14:02:19,714:INFO:Creating metrics dataframe
2026-09-11 14:02:19,714:INFO:Uploading results into container
2026-09-11 14:02:19,714:INFO:Uploading model into container now
2026-09-11 14:02:19,714:INFO:_master_model_container: 8
2026-09-11 14:02:19,714:INFO:_display_container: 2
2026-09-11 14:02:19,714:INFO:QuadraticDiscriminantAnalysis(priors=None, reg_param=0.0,
                              store_covariance=False, tol=0.0001)
2026-09-11 14:02:19,714:INFO:create_model() successfully completed......................................
2026-09-11 14:02:19,806:INFO:SubProcess create_model() end ==================================
2026-09-11 14:02:19,812:INFO:Creating metrics dataframe
2026-09-11 14:02:19,812:INFO:Initializing Ada Boost Classifier
2026-09-11 14:02:19,812:INFO:Total runtime is 0.28027480840682983 minutes
2026-09-11 14:02:19,812:INFO:SubProcess create_model() called ==================================
2026-09-11 14:02:19,812:INFO:Initializing create_model()
2026-09-11 14:02:19,812:INFO:create_model(self=<pycaret.classification.oop.ClassificationExperiment object at 0x0000027182F1D7B0>, estimator=ada, fold=StratifiedKFold(n_splits=10, random_state=None, shuffle=False), round=4, cross_validation=True, predict=True, fit_kwargs={}, groups=None, refit=False, probability_threshold=None, experiment_custom_tags=None, verbose=False, system=False, add_to_model_list=True, metrics=None, display=<pycaret.internal.display.display.CommonDisplay object at 0x00000271880412D0>, model_only=True, return_train_score=False, error_score=0.0, kwargs={})
2026-09-11 14:02:19,812:INFO:Checking exceptions
2026-09-11 14:02:19,812:INFO:Importing libraries
2026-09-11 14:02:19,812:INFO:Copying training dataset
2026-09-11 14:02:19,822:INFO:Defining folds
2026-09-11 14:02:19,822:INFO:Declaring metric variables
2026-09-11 14:02:19,822:INFO:Importing untrained model
2026-09-11 14:02:19,822:INFO:Ada Boost Classifier Imported successfully
2026-09-11 14:02:19,822:INFO:Starting cross validation
2026-09-11 14:02:19,822:INFO:Cross validating with StratifiedKFold(n_splits=10, random_state=None, shuffle=False), n_jobs=-1
2026-09-11 14:02:20,315:WARNING:C:\Users\jenny\AppData\Local\Programs\Python\Python310\lib\site-packages\sklearn\ensemble\_weight_boosting.py:519: FutureWarning: The SAMME.R algorithm (the default) is deprecated and will be removed in 1.6. Use the SAMME algorithm to circumvent this warning.
  warnings.warn(

2026-09-11 14:02:20,315:WARNING:C:\Users\jenny\AppData\Local\Programs\Python\Python310\lib\site-packages\sklearn\ensemble\_weight_boosting.py:519: FutureWarning: The SAMME.R algorithm (the default) is deprecated and will be removed in 1.6. Use the SAMME algorithm to circumvent this warning.
  warnings.warn(

2026-09-11 14:02:20,350:WARNING:C:\Users\jenny\AppData\Local\Programs\Python\Python310\lib\site-packages\sklearn\ensemble\_weight_boosting.py:519: FutureWarning: The SAMME.R algorithm (the default) is deprecated and will be removed in 1.6. Use the SAMME algorithm to circumvent this warning.
  warnings.warn(

2026-09-11 14:02:20,350:WARNING:C:\Users\jenny\AppData\Local\Programs\Python\Python310\lib\site-packages\sklearn\ensemble\_weight_boosting.py:519: FutureWarning: The SAMME.R algorithm (the default) is deprecated and will be removed in 1.6. Use the SAMME algorithm to circumvent this warning.
  warnings.warn(

2026-09-11 14:02:20,350:WARNING:C:\Users\jenny\AppData\Local\Programs\Python\Python310\lib\site-packages\sklearn\ensemble\_weight_boosting.py:519: FutureWarning: The SAMME.R algorithm (the default) is deprecated and will be removed in 1.6. Use the SAMME algorithm to circumvent this warning.
  warnings.warn(

2026-09-11 14:02:20,386:WARNING:C:\Users\jenny\AppData\Local\Programs\Python\Python310\lib\site-packages\sklearn\ensemble\_weight_boosting.py:519: FutureWarning: The SAMME.R algorithm (the default) is deprecated and will be removed in 1.6. Use the SAMME algorithm to circumvent this warning.
  warnings.warn(

2026-09-11 14:02:20,386:WARNING:C:\Users\jenny\AppData\Local\Programs\Python\Python310\lib\site-packages\sklearn\ensemble\_weight_boosting.py:519: FutureWarning: The SAMME.R algorithm (the default) is deprecated and will be removed in 1.6. Use the SAMME algorithm to circumvent this warning.
  warnings.warn(

2026-09-11 14:02:20,386:WARNING:C:\Users\jenny\AppData\Local\Programs\Python\Python310\lib\site-packages\sklearn\ensemble\_weight_boosting.py:519: FutureWarning: The SAMME.R algorithm (the default) is deprecated and will be removed in 1.6. Use the SAMME algorithm to circumvent this warning.
  warnings.warn(

2026-09-11 14:02:20,386:WARNING:C:\Users\jenny\AppData\Local\Programs\Python\Python310\lib\site-packages\sklearn\ensemble\_weight_boosting.py:519: FutureWarning: The SAMME.R algorithm (the default) is deprecated and will be removed in 1.6. Use the SAMME algorithm to circumvent this warning.
  warnings.warn(

2026-09-11 14:02:20,386:WARNING:C:\Users\jenny\AppData\Local\Programs\Python\Python310\lib\site-packages\sklearn\ensemble\_weight_boosting.py:519: FutureWarning: The SAMME.R algorithm (the default) is deprecated and will be removed in 1.6. Use the SAMME algorithm to circumvent this warning.
  warnings.warn(

2026-09-11 14:02:23,154:INFO:Calculating mean and std
2026-09-11 14:02:23,154:INFO:Creating metrics dataframe
2026-09-11 14:02:23,154:INFO:Uploading results into container
2026-09-11 14:02:23,154:INFO:Uploading model into container now
2026-09-11 14:02:23,154:INFO:_master_model_container: 9
2026-09-11 14:02:23,154:INFO:_display_container: 2
2026-09-11 14:02:23,154:INFO:AdaBoostClassifier(algorithm='SAMME.R', estimator=None, learning_rate=1.0,
                   n_estimators=50, random_state=8974)
2026-09-11 14:02:23,154:INFO:create_model() successfully completed......................................
2026-09-11 14:02:23,235:INFO:SubProcess create_model() end ==================================
2026-09-11 14:02:23,235:INFO:Creating metrics dataframe
2026-09-11 14:02:23,235:INFO:Initializing Gradient Boosting Classifier
2026-09-11 14:02:23,235:INFO:Total runtime is 0.33731924295425414 minutes
2026-09-11 14:02:23,235:INFO:SubProcess create_model() called ==================================
2026-09-11 14:02:23,235:INFO:Initializing create_model()
2026-09-11 14:02:23,235:INFO:create_model(self=<pycaret.classification.oop.ClassificationExperiment object at 0x0000027182F1D7B0>, estimator=gbc, fold=StratifiedKFold(n_splits=10, random_state=None, shuffle=False), round=4, cross_validation=True, predict=True, fit_kwargs={}, groups=None, refit=False, probability_threshold=None, experiment_custom_tags=None, verbose=False, system=False, add_to_model_list=True, metrics=None, display=<pycaret.internal.display.display.CommonDisplay object at 0x00000271880412D0>, model_only=True, return_train_score=False, error_score=0.0, kwargs={})
2026-09-11 14:02:23,235:INFO:Checking exceptions
2026-09-11 14:02:23,235:INFO:Importing libraries
2026-09-11 14:02:23,235:INFO:Copying training dataset
2026-09-11 14:02:23,250:INFO:Defining folds
2026-09-11 14:02:23,250:INFO:Declaring metric variables
2026-09-11 14:02:23,250:INFO:Importing untrained model
2026-09-11 14:02:23,250:INFO:Gradient Boosting Classifier Imported successfully
2026-09-11 14:02:23,250:INFO:Starting cross validation
2026-09-11 14:02:23,250:INFO:Cross validating with StratifiedKFold(n_splits=10, random_state=None, shuffle=False), n_jobs=-1
2026-09-11 14:02:26,542:INFO:Calculating mean and std
2026-09-11 14:02:26,542:INFO:Creating metrics dataframe
2026-09-11 14:02:26,544:INFO:Uploading results into container
2026-09-11 14:02:26,544:INFO:Uploading model into container now
2026-09-11 14:02:26,544:INFO:_master_model_container: 10
2026-09-11 14:02:26,544:INFO:_display_container: 2
2026-09-11 14:02:26,546:INFO:GradientBoostingClassifier(ccp_alpha=0.0, criterion='friedman_mse', init=None,
                           learning_rate=0.1, loss='log_loss', max_depth=3,
                           max_features=None, max_leaf_nodes=None,
                           min_impurity_decrease=0.0, min_samples_leaf=1,
                           min_samples_split=2, min_weight_fraction_leaf=0.0,
                           n_estimators=100, n_iter_no_change=None,
                           random_state=8974, subsample=1.0, tol=0.0001,
                           validation_fraction=0.1, verbose=0,
                           warm_start=False)
2026-09-11 14:02:26,546:INFO:create_model() successfully completed......................................
2026-09-11 14:02:26,601:INFO:SubProcess create_model() end ==================================
2026-09-11 14:02:26,601:INFO:Creating metrics dataframe
2026-09-11 14:02:26,603:INFO:Initializing Linear Discriminant Analysis
2026-09-11 14:02:26,603:INFO:Total runtime is 0.3934539357821146 minutes
2026-09-11 14:02:26,603:INFO:SubProcess create_model() called ==================================
2026-09-11 14:02:26,603:INFO:Initializing create_model()
2026-09-11 14:02:26,603:INFO:create_model(self=<pycaret.classification.oop.ClassificationExperiment object at 0x0000027182F1D7B0>, estimator=lda, fold=StratifiedKFold(n_splits=10, random_state=None, shuffle=False), round=4, cross_validation=True, predict=True, fit_kwargs={}, groups=None, refit=False, probability_threshold=None, experiment_custom_tags=None, verbose=False, system=False, add_to_model_list=True, metrics=None, display=<pycaret.internal.display.display.CommonDisplay object at 0x00000271880412D0>, model_only=True, return_train_score=False, error_score=0.0, kwargs={})
2026-09-11 14:02:26,603:INFO:Checking exceptions
2026-09-11 14:02:26,603:INFO:Importing libraries
2026-09-11 14:02:26,603:INFO:Copying training dataset
2026-09-11 14:02:26,614:INFO:Defining folds
2026-09-11 14:02:26,616:INFO:Declaring metric variables
2026-09-11 14:02:26,616:INFO:Importing untrained model
2026-09-11 14:02:26,616:INFO:Linear Discriminant Analysis Imported successfully
2026-09-11 14:02:26,616:INFO:Starting cross validation
2026-09-11 14:02:26,616:INFO:Cross validating with StratifiedKFold(n_splits=10, random_state=None, shuffle=False), n_jobs=-1
2026-09-11 14:02:26,878:INFO:Calculating mean and std
2026-09-11 14:02:26,879:INFO:Creating metrics dataframe
2026-09-11 14:02:26,880:INFO:Uploading results into container
2026-09-11 14:02:26,880:INFO:Uploading model into container now
2026-09-11 14:02:26,882:INFO:_master_model_container: 11
2026-09-11 14:02:26,882:INFO:_display_container: 2
2026-09-11 14:02:26,882:INFO:LinearDiscriminantAnalysis(covariance_estimator=None, n_components=None,
                           priors=None, shrinkage=None, solver='svd',
                           store_covariance=False, tol=0.0001)
2026-09-11 14:02:26,882:INFO:create_model() successfully completed......................................
2026-09-11 14:02:26,938:INFO:SubProcess create_model() end ==================================
2026-09-11 14:02:26,940:INFO:Creating metrics dataframe
2026-09-11 14:02:26,942:INFO:Initializing Extra Trees Classifier
2026-09-11 14:02:26,942:INFO:Total runtime is 0.3990964730580647 minutes
2026-09-11 14:02:26,942:INFO:SubProcess create_model() called ==================================
2026-09-11 14:02:26,942:INFO:Initializing create_model()
2026-09-11 14:02:26,942:INFO:create_model(self=<pycaret.classification.oop.ClassificationExperiment object at 0x0000027182F1D7B0>, estimator=et, fold=StratifiedKFold(n_splits=10, random_state=None, shuffle=False), round=4, cross_validation=True, predict=True, fit_kwargs={}, groups=None, refit=False, probability_threshold=None, experiment_custom_tags=None, verbose=False, system=False, add_to_model_list=True, metrics=None, display=<pycaret.internal.display.display.CommonDisplay object at 0x00000271880412D0>, model_only=True, return_train_score=False, error_score=0.0, kwargs={})
2026-09-11 14:02:26,942:INFO:Checking exceptions
2026-09-11 14:02:26,942:INFO:Importing libraries
2026-09-11 14:02:26,942:INFO:Copying training dataset
2026-09-11 14:02:26,955:INFO:Defining folds
2026-09-11 14:02:26,955:INFO:Declaring metric variables
2026-09-11 14:02:26,955:INFO:Importing untrained model
2026-09-11 14:02:26,955:INFO:Extra Trees Classifier Imported successfully
2026-09-11 14:02:26,955:INFO:Starting cross validation
2026-09-11 14:02:26,957:INFO:Cross validating with StratifiedKFold(n_splits=10, random_state=None, shuffle=False), n_jobs=-1
2026-09-11 14:02:29,217:INFO:Calculating mean and std
2026-09-11 14:02:29,217:INFO:Creating metrics dataframe
2026-09-11 14:02:29,220:INFO:Uploading results into container
2026-09-11 14:02:29,220:INFO:Uploading model into container now
2026-09-11 14:02:29,220:INFO:_master_model_container: 12
2026-09-11 14:02:29,220:INFO:_display_container: 2
2026-09-11 14:02:29,220:INFO:ExtraTreesClassifier(bootstrap=False, ccp_alpha=0.0, class_weight=None,
                     criterion='gini', max_depth=None, max_features='sqrt',
                     max_leaf_nodes=None, max_samples=None,
                     min_impurity_decrease=0.0, min_samples_leaf=1,
                     min_samples_split=2, min_weight_fraction_leaf=0.0,
                     monotonic_cst=None, n_estimators=100, n_jobs=-1,
                     oob_score=False, random_state=8974, verbose=0,
                     warm_start=False)
2026-09-11 14:02:29,222:INFO:create_model() successfully completed......................................
2026-09-11 14:02:29,286:INFO:SubProcess create_model() end ==================================
2026-09-11 14:02:29,286:INFO:Creating metrics dataframe
2026-09-11 14:02:29,294:INFO:Initializing Light Gradient Boosting Machine
2026-09-11 14:02:29,294:INFO:Total runtime is 0.43829827706019076 minutes
2026-09-11 14:02:29,294:INFO:SubProcess create_model() called ==================================
2026-09-11 14:02:29,296:INFO:Initializing create_model()
2026-09-11 14:02:29,296:INFO:create_model(self=<pycaret.classification.oop.ClassificationExperiment object at 0x0000027182F1D7B0>, estimator=lightgbm, fold=StratifiedKFold(n_splits=10, random_state=None, shuffle=False), round=4, cross_validation=True, predict=True, fit_kwargs={}, groups=None, refit=False, probability_threshold=None, experiment_custom_tags=None, verbose=False, system=False, add_to_model_list=True, metrics=None, display=<pycaret.internal.display.display.CommonDisplay object at 0x00000271880412D0>, model_only=True, return_train_score=False, error_score=0.0, kwargs={})
2026-09-11 14:02:29,296:INFO:Checking exceptions
2026-09-11 14:02:29,296:INFO:Importing libraries
2026-09-11 14:02:29,296:INFO:Copying training dataset
2026-09-11 14:02:29,319:INFO:Defining folds
2026-09-11 14:02:29,319:INFO:Declaring metric variables
2026-09-11 14:02:29,319:INFO:Importing untrained model
2026-09-11 14:02:29,320:INFO:Light Gradient Boosting Machine Imported successfully
2026-09-11 14:02:29,320:INFO:Starting cross validation
2026-09-11 14:02:29,322:INFO:Cross validating with StratifiedKFold(n_splits=10, random_state=None, shuffle=False), n_jobs=-1
2026-09-11 14:02:29,623:WARNING:create_model() for lightgbm raised an exception or returned all 0.0, trying without fit_kwargs:
2026-09-11 14:02:29,623:WARNING:Traceback (most recent call last):
  File "C:\Users\jenny\AppData\Local\Programs\Python\Python310\lib\site-packages\pycaret\internal\pycaret_experiment\supervised_experiment.py", line 794, in compare_models
    model, model_fit_time = self._create_model(**create_model_args)
  File "C:\Users\jenny\AppData\Local\Programs\Python\Python310\lib\site-packages\pycaret\internal\pycaret_experiment\supervised_experiment.py", line 1533, in _create_model
    model, model_fit_time, model_results, _ = self._create_model_with_cv(
  File "C:\Users\jenny\AppData\Local\Programs\Python\Python310\lib\site-packages\pycaret\internal\pycaret_experiment\supervised_experiment.py", line 1126, in _create_model_with_cv
    scores = cross_validate(
  File "C:\Users\jenny\AppData\Local\Programs\Python\Python310\lib\site-packages\sklearn\utils\_param_validation.py", line 213, in wrapper
    return func(*args, **kwargs)
  File "C:\Users\jenny\AppData\Local\Programs\Python\Python310\lib\site-packages\sklearn\model_selection\_validation.py", line 450, in cross_validate
    _warn_or_raise_about_fit_failures(results, error_score)
  File "C:\Users\jenny\AppData\Local\Programs\Python\Python310\lib\site-packages\sklearn\model_selection\_validation.py", line 536, in _warn_or_raise_about_fit_failures
    raise ValueError(all_fits_failed_message)
ValueError: 
All the 10 fits failed.
It is very likely that your model is misconfigured.
You can try to debug the error by setting error_score='raise'.

Below are more details about the failures:
--------------------------------------------------------------------------------
10 fits failed with the following error:
Traceback (most recent call last):
  File "C:\Users\jenny\AppData\Local\Programs\Python\Python310\lib\site-packages\sklearn\model_selection\_validation.py", line 895, in _fit_and_score
    estimator.fit(X_train, y_train, **fit_params)
  File "C:\Users\jenny\AppData\Local\Programs\Python\Python310\lib\site-packages\pycaret\internal\pipeline.py", line 278, in fit
    fitted_estimator = self._memory_fit(
  File "C:\Users\jenny\AppData\Local\Programs\Python\Python310\lib\site-packages\joblib\memory.py", line 353, in __call__
    return self.func(*args, **kwargs)
  File "C:\Users\jenny\AppData\Local\Programs\Python\Python310\lib\site-packages\pycaret\internal\pipeline.py", line 69, in _fit_one
    transformer.fit(*args)
  File "C:\Users\jenny\AppData\Local\Programs\Python\Python310\lib\site-packages\lightgbm\sklearn.py", line 1704, in fit
    super().fit(
  File "C:\Users\jenny\AppData\Local\Programs\Python\Python310\lib\site-packages\lightgbm\sklearn.py", line 1171, in fit
    self._Booster = train(
  File "C:\Users\jenny\AppData\Local\Programs\Python\Python310\lib\site-packages\lightgbm\engine.py", line 296, in train
    booster = Booster(params=params, train_set=train_set)
  File "C:\Users\jenny\AppData\Local\Programs\Python\Python310\lib\site-packages\lightgbm\basic.py", line 3758, in __init__
    train_set.construct()
  File "C:\Users\jenny\AppData\Local\Programs\Python\Python310\lib\site-packages\lightgbm\basic.py", line 2574, in construct
    self._lazy_init(
  File "C:\Users\jenny\AppData\Local\Programs\Python\Python310\lib\site-packages\lightgbm\basic.py", line 2189, in _lazy_init
    self.set_label(label)
  File "C:\Users\jenny\AppData\Local\Programs\Python\Python310\lib\site-packages\lightgbm\basic.py", line 3097, in set_label
    self.set_field("label", label_array)
  File "C:\Users\jenny\AppData\Local\Programs\Python\Python310\lib\site-packages\lightgbm\basic.py", line 2860, in set_field
    _LIB.LGBM_DatasetSetField(
OSError: exception: access violation reading 0x0000000000000000


2026-09-11 14:02:29,623:INFO:Initializing create_model()
2026-09-11 14:02:29,623:INFO:create_model(self=<pycaret.classification.oop.ClassificationExperiment object at 0x0000027182F1D7B0>, estimator=lightgbm, fold=StratifiedKFold(n_splits=10, random_state=None, shuffle=False), round=4, cross_validation=True, predict=True, fit_kwargs={}, groups=None, refit=False, probability_threshold=None, experiment_custom_tags=None, verbose=False, system=False, add_to_model_list=True, metrics=None, display=<pycaret.internal.display.display.CommonDisplay object at 0x00000271880412D0>, model_only=True, return_train_score=False, error_score=0.0, kwargs={})
2026-09-11 14:02:29,623:INFO:Checking exceptions
2026-09-11 14:02:29,623:INFO:Importing libraries
2026-09-11 14:02:29,623:INFO:Copying training dataset
2026-09-11 14:02:29,638:INFO:Defining folds
2026-09-11 14:02:29,638:INFO:Declaring metric variables
2026-09-11 14:02:29,638:INFO:Importing untrained model
2026-09-11 14:02:29,638:INFO:Light Gradient Boosting Machine Imported successfully
2026-09-11 14:02:29,638:INFO:Starting cross validation
2026-09-11 14:02:29,639:INFO:Cross validating with StratifiedKFold(n_splits=10, random_state=None, shuffle=False), n_jobs=-1
2026-09-11 14:02:29,993:ERROR:create_model() for lightgbm raised an exception or returned all 0.0:
2026-09-11 14:02:29,993:ERROR:Traceback (most recent call last):
  File "C:\Users\jenny\AppData\Local\Programs\Python\Python310\lib\site-packages\pycaret\internal\pycaret_experiment\supervised_experiment.py", line 794, in compare_models
    model, model_fit_time = self._create_model(**create_model_args)
  File "C:\Users\jenny\AppData\Local\Programs\Python\Python310\lib\site-packages\pycaret\internal\pycaret_experiment\supervised_experiment.py", line 1533, in _create_model
    model, model_fit_time, model_results, _ = self._create_model_with_cv(
  File "C:\Users\jenny\AppData\Local\Programs\Python\Python310\lib\site-packages\pycaret\internal\pycaret_experiment\supervised_experiment.py", line 1126, in _create_model_with_cv
    scores = cross_validate(
  File "C:\Users\jenny\AppData\Local\Programs\Python\Python310\lib\site-packages\sklearn\utils\_param_validation.py", line 213, in wrapper
    return func(*args, **kwargs)
  File "C:\Users\jenny\AppData\Local\Programs\Python\Python310\lib\site-packages\sklearn\model_selection\_validation.py", line 450, in cross_validate
    _warn_or_raise_about_fit_failures(results, error_score)
  File "C:\Users\jenny\AppData\Local\Programs\Python\Python310\lib\site-packages\sklearn\model_selection\_validation.py", line 536, in _warn_or_raise_about_fit_failures
    raise ValueError(all_fits_failed_message)
ValueError: 
All the 10 fits failed.
It is very likely that your model is misconfigured.
You can try to debug the error by setting error_score='raise'.

Below are more details about the failures:
--------------------------------------------------------------------------------
10 fits failed with the following error:
Traceback (most recent call last):
  File "C:\Users\jenny\AppData\Local\Programs\Python\Python310\lib\site-packages\sklearn\model_selection\_validation.py", line 895, in _fit_and_score
    estimator.fit(X_train, y_train, **fit_params)
  File "C:\Users\jenny\AppData\Local\Programs\Python\Python310\lib\site-packages\pycaret\internal\pipeline.py", line 278, in fit
    fitted_estimator = self._memory_fit(
  File "C:\Users\jenny\AppData\Local\Programs\Python\Python310\lib\site-packages\joblib\memory.py", line 353, in __call__
    return self.func(*args, **kwargs)
  File "C:\Users\jenny\AppData\Local\Programs\Python\Python310\lib\site-packages\pycaret\internal\pipeline.py", line 69, in _fit_one
    transformer.fit(*args)
  File "C:\Users\jenny\AppData\Local\Programs\Python\Python310\lib\site-packages\lightgbm\sklearn.py", line 1704, in fit
    super().fit(
  File "C:\Users\jenny\AppData\Local\Programs\Python\Python310\lib\site-packages\lightgbm\sklearn.py", line 1171, in fit
    self._Booster = train(
  File "C:\Users\jenny\AppData\Local\Programs\Python\Python310\lib\site-packages\lightgbm\engine.py", line 296, in train
    booster = Booster(params=params, train_set=train_set)
  File "C:\Users\jenny\AppData\Local\Programs\Python\Python310\lib\site-packages\lightgbm\basic.py", line 3758, in __init__
    train_set.construct()
  File "C:\Users\jenny\AppData\Local\Programs\Python\Python310\lib\site-packages\lightgbm\basic.py", line 2574, in construct
    self._lazy_init(
  File "C:\Users\jenny\AppData\Local\Programs\Python\Python310\lib\site-packages\lightgbm\basic.py", line 2189, in _lazy_init
    self.set_label(label)
  File "C:\Users\jenny\AppData\Local\Programs\Python\Python310\lib\site-packages\lightgbm\basic.py", line 3097, in set_label
    self.set_field("label", label_array)
  File "C:\Users\jenny\AppData\Local\Programs\Python\Python310\lib\site-packages\lightgbm\basic.py", line 2860, in set_field
    _LIB.LGBM_DatasetSetField(
OSError: exception: access violation reading 0x0000000000000000


During handling of the above exception, another exception occurred:

Traceback (most recent call last):
  File "C:\Users\jenny\AppData\Local\Programs\Python\Python310\lib\site-packages\pycaret\internal\pycaret_experiment\supervised_experiment.py", line 815, in compare_models
    model, model_fit_time = self._create_model(**create_model_args)
  File "C:\Users\jenny\AppData\Local\Programs\Python\Python310\lib\site-packages\pycaret\internal\pycaret_experiment\supervised_experiment.py", line 1533, in _create_model
    model, model_fit_time, model_results, _ = self._create_model_with_cv(
  File "C:\Users\jenny\AppData\Local\Programs\Python\Python310\lib\site-packages\pycaret\internal\pycaret_experiment\supervised_experiment.py", line 1126, in _create_model_with_cv
    scores = cross_validate(
  File "C:\Users\jenny\AppData\Local\Programs\Python\Python310\lib\site-packages\sklearn\utils\_param_validation.py", line 213, in wrapper
    return func(*args, **kwargs)
  File "C:\Users\jenny\AppData\Local\Programs\Python\Python310\lib\site-packages\sklearn\model_selection\_validation.py", line 450, in cross_validate
    _warn_or_raise_about_fit_failures(results, error_score)
  File "C:\Users\jenny\AppData\Local\Programs\Python\Python310\lib\site-packages\sklearn\model_selection\_validation.py", line 536, in _warn_or_raise_about_fit_failures
    raise ValueError(all_fits_failed_message)
ValueError: 
All the 10 fits failed.
It is very likely that your model is misconfigured.
You can try to debug the error by setting error_score='raise'.

Below are more details about the failures:
--------------------------------------------------------------------------------
10 fits failed with the following error:
Traceback (most recent call last):
  File "C:\Users\jenny\AppData\Local\Programs\Python\Python310\lib\site-packages\sklearn\model_selection\_validation.py", line 895, in _fit_and_score
    estimator.fit(X_train, y_train, **fit_params)
  File "C:\Users\jenny\AppData\Local\Programs\Python\Python310\lib\site-packages\pycaret\internal\pipeline.py", line 278, in fit
    fitted_estimator = self._memory_fit(
  File "C:\Users\jenny\AppData\Local\Programs\Python\Python310\lib\site-packages\joblib\memory.py", line 353, in __call__
    return self.func(*args, **kwargs)
  File "C:\Users\jenny\AppData\Local\Programs\Python\Python310\lib\site-packages\pycaret\internal\pipeline.py", line 69, in _fit_one
    transformer.fit(*args)
  File "C:\Users\jenny\AppData\Local\Programs\Python\Python310\lib\site-packages\lightgbm\sklearn.py", line 1704, in fit
    super().fit(
  File "C:\Users\jenny\AppData\Local\Programs\Python\Python310\lib\site-packages\lightgbm\sklearn.py", line 1171, in fit
    self._Booster = train(
  File "C:\Users\jenny\AppData\Local\Programs\Python\Python310\lib\site-packages\lightgbm\engine.py", line 296, in train
    booster = Booster(params=params, train_set=train_set)
  File "C:\Users\jenny\AppData\Local\Programs\Python\Python310\lib\site-packages\lightgbm\basic.py", line 3758, in __init__
    train_set.construct()
  File "C:\Users\jenny\AppData\Local\Programs\Python\Python310\lib\site-packages\lightgbm\basic.py", line 2574, in construct
    self._lazy_init(
  File "C:\Users\jenny\AppData\Local\Programs\Python\Python310\lib\site-packages\lightgbm\basic.py", line 2189, in _lazy_init
    self.set_label(label)
  File "C:\Users\jenny\AppData\Local\Programs\Python\Python310\lib\site-packages\lightgbm\basic.py", line 3097, in set_label
    self.set_field("label", label_array)
  File "C:\Users\jenny\AppData\Local\Programs\Python\Python310\lib\site-packages\lightgbm\basic.py", line 2860, in set_field
    _LIB.LGBM_DatasetSetField(
OSError: exception: access violation reading 0x0000000000000000


2026-09-11 14:02:29,993:INFO:Initializing Dummy Classifier
2026-09-11 14:02:29,993:INFO:Total runtime is 0.4499514460563659 minutes
2026-09-11 14:02:29,995:INFO:SubProcess create_model() called ==================================
2026-09-11 14:02:29,995:INFO:Initializing create_model()
2026-09-11 14:02:29,995:INFO:create_model(self=<pycaret.classification.oop.ClassificationExperiment object at 0x0000027182F1D7B0>, estimator=dummy, fold=StratifiedKFold(n_splits=10, random_state=None, shuffle=False), round=4, cross_validation=True, predict=True, fit_kwargs={}, groups=None, refit=False, probability_threshold=None, experiment_custom_tags=None, verbose=False, system=False, add_to_model_list=True, metrics=None, display=<pycaret.internal.display.display.CommonDisplay object at 0x00000271880412D0>, model_only=True, return_train_score=False, error_score=0.0, kwargs={})
2026-09-11 14:02:29,995:INFO:Checking exceptions
2026-09-11 14:02:29,995:INFO:Importing libraries
2026-09-11 14:02:29,995:INFO:Copying training dataset
2026-09-11 14:02:30,013:INFO:Defining folds
2026-09-11 14:02:30,015:INFO:Declaring metric variables
2026-09-11 14:02:30,015:INFO:Importing untrained model
2026-09-11 14:02:30,015:INFO:Dummy Classifier Imported successfully
2026-09-11 14:02:30,015:INFO:Starting cross validation
2026-09-11 14:02:30,017:INFO:Cross validating with StratifiedKFold(n_splits=10, random_state=None, shuffle=False), n_jobs=-1
2026-09-11 14:02:30,312:WARNING:C:\Users\jenny\AppData\Local\Programs\Python\Python310\lib\site-packages\sklearn\metrics\_classification.py:1509: UndefinedMetricWarning: Precision is ill-defined and being set to 0.0 due to no predicted samples. Use `zero_division` parameter to control this behavior.
  _warn_prf(average, modifier, f"{metric.capitalize()} is", len(result))

2026-09-11 14:02:30,312:WARNING:C:\Users\jenny\AppData\Local\Programs\Python\Python310\lib\site-packages\sklearn\metrics\_classification.py:1509: UndefinedMetricWarning: Precision is ill-defined and being set to 0.0 due to no predicted samples. Use `zero_division` parameter to control this behavior.
  _warn_prf(average, modifier, f"{metric.capitalize()} is", len(result))

2026-09-11 14:02:30,316:WARNING:C:\Users\jenny\AppData\Local\Programs\Python\Python310\lib\site-packages\sklearn\metrics\_classification.py:1509: UndefinedMetricWarning: Precision is ill-defined and being set to 0.0 due to no predicted samples. Use `zero_division` parameter to control this behavior.
  _warn_prf(average, modifier, f"{metric.capitalize()} is", len(result))

2026-09-11 14:02:30,317:WARNING:C:\Users\jenny\AppData\Local\Programs\Python\Python310\lib\site-packages\sklearn\metrics\_classification.py:1509: UndefinedMetricWarning: Precision is ill-defined and being set to 0.0 due to no predicted samples. Use `zero_division` parameter to control this behavior.
  _warn_prf(average, modifier, f"{metric.capitalize()} is", len(result))

2026-09-11 14:02:30,319:WARNING:C:\Users\jenny\AppData\Local\Programs\Python\Python310\lib\site-packages\sklearn\metrics\_classification.py:1509: UndefinedMetricWarning: Precision is ill-defined and being set to 0.0 due to no predicted samples. Use `zero_division` parameter to control this behavior.
  _warn_prf(average, modifier, f"{metric.capitalize()} is", len(result))

2026-09-11 14:02:30,321:WARNING:C:\Users\jenny\AppData\Local\Programs\Python\Python310\lib\site-packages\sklearn\metrics\_classification.py:1509: UndefinedMetricWarning: Precision is ill-defined and being set to 0.0 due to no predicted samples. Use `zero_division` parameter to control this behavior.
  _warn_prf(average, modifier, f"{metric.capitalize()} is", len(result))

2026-09-11 14:02:30,325:WARNING:C:\Users\jenny\AppData\Local\Programs\Python\Python310\lib\site-packages\sklearn\metrics\_classification.py:1509: UndefinedMetricWarning: Precision is ill-defined and being set to 0.0 due to no predicted samples. Use `zero_division` parameter to control this behavior.
  _warn_prf(average, modifier, f"{metric.capitalize()} is", len(result))

2026-09-11 14:02:30,330:WARNING:C:\Users\jenny\AppData\Local\Programs\Python\Python310\lib\site-packages\sklearn\metrics\_classification.py:1509: UndefinedMetricWarning: Precision is ill-defined and being set to 0.0 due to no predicted samples. Use `zero_division` parameter to control this behavior.
  _warn_prf(average, modifier, f"{metric.capitalize()} is", len(result))

2026-09-11 14:02:30,330:WARNING:C:\Users\jenny\AppData\Local\Programs\Python\Python310\lib\site-packages\sklearn\metrics\_classification.py:1509: UndefinedMetricWarning: Precision is ill-defined and being set to 0.0 due to no predicted samples. Use `zero_division` parameter to control this behavior.
  _warn_prf(average, modifier, f"{metric.capitalize()} is", len(result))

2026-09-11 14:02:30,346:INFO:Calculating mean and std
2026-09-11 14:02:30,347:INFO:Creating metrics dataframe
2026-09-11 14:02:30,350:INFO:Uploading results into container
2026-09-11 14:02:30,352:INFO:Uploading model into container now
2026-09-11 14:02:30,352:INFO:_master_model_container: 13
2026-09-11 14:02:30,352:INFO:_display_container: 2
2026-09-11 14:02:30,352:INFO:DummyClassifier(constant=None, random_state=8974, strategy='prior')
2026-09-11 14:02:30,352:INFO:create_model() successfully completed......................................
2026-09-11 14:02:30,428:INFO:SubProcess create_model() end ==================================
2026-09-11 14:02:30,428:INFO:Creating metrics dataframe
2026-09-11 14:02:30,433:WARNING:C:\Users\jenny\AppData\Local\Programs\Python\Python310\lib\site-packages\pycaret\internal\pycaret_experiment\supervised_experiment.py:323: FutureWarning: Styler.applymap has been deprecated. Use Styler.map instead.
  master_display_.apply(

2026-09-11 14:02:30,435:INFO:Initializing create_model()
2026-09-11 14:02:30,435:INFO:create_model(self=<pycaret.classification.oop.ClassificationExperiment object at 0x0000027182F1D7B0>, estimator=DummyClassifier(constant=None, random_state=8974, strategy='prior'), fold=StratifiedKFold(n_splits=10, random_state=None, shuffle=False), round=4, cross_validation=False, predict=False, fit_kwargs={}, groups=None, refit=True, probability_threshold=None, experiment_custom_tags=None, verbose=False, system=False, add_to_model_list=True, metrics=None, display=None, model_only=True, return_train_score=False, error_score=0.0, kwargs={})
2026-09-11 14:02:30,435:INFO:Checking exceptions
2026-09-11 14:02:30,435:INFO:Importing libraries
2026-09-11 14:02:30,435:INFO:Copying training dataset
2026-09-11 14:02:30,454:INFO:Defining folds
2026-09-11 14:02:30,454:INFO:Declaring metric variables
2026-09-11 14:02:30,454:INFO:Importing untrained model
2026-09-11 14:02:30,454:INFO:Declaring custom model
2026-09-11 14:02:30,456:INFO:Dummy Classifier Imported successfully
2026-09-11 14:02:30,456:INFO:Cross validation set to False
2026-09-11 14:02:30,456:INFO:Fitting Model
2026-09-11 14:02:30,573:INFO:DummyClassifier(constant=None, random_state=8974, strategy='prior')
2026-09-11 14:02:30,573:INFO:create_model() successfully completed......................................
2026-09-11 14:02:30,666:INFO:_master_model_container: 13
2026-09-11 14:02:30,666:INFO:_display_container: 2
2026-09-11 14:02:30,667:INFO:DummyClassifier(constant=None, random_state=8974, strategy='prior')
2026-09-11 14:02:30,667:INFO:compare_models() successfully completed......................................
2026-09-11 14:02:30,667:INFO:Initializing create_model()
2026-09-11 14:02:30,667:INFO:create_model(self=<pycaret.classification.oop.ClassificationExperiment object at 0x0000027182F1D7B0>, estimator=DummyClassifier(constant=None, random_state=8974, strategy='prior'), fold=None, round=4, cross_validation=True, predict=True, fit_kwargs=None, groups=None, refit=True, probability_threshold=None, experiment_custom_tags=None, verbose=True, system=True, add_to_model_list=True, metrics=None, display=None, model_only=True, return_train_score=False, error_score=0.0, kwargs={})
2026-09-11 14:02:30,667:INFO:Checking exceptions
2026-09-11 14:02:30,669:INFO:Importing libraries
2026-09-11 14:02:30,669:INFO:Copying training dataset
2026-09-11 14:02:30,699:INFO:Defining folds
2026-09-11 14:02:30,699:INFO:Declaring metric variables
2026-09-11 14:02:30,699:INFO:Importing untrained model
2026-09-11 14:02:30,699:INFO:Declaring custom model
2026-09-11 14:02:30,701:INFO:Dummy Classifier Imported successfully
2026-09-11 14:02:30,702:INFO:Starting cross validation
2026-09-11 14:02:30,702:INFO:Cross validating with StratifiedKFold(n_splits=10, random_state=None, shuffle=False), n_jobs=-1
2026-09-11 14:02:31,004:WARNING:C:\Users\jenny\AppData\Local\Programs\Python\Python310\lib\site-packages\sklearn\metrics\_classification.py:1509: UndefinedMetricWarning: Precision is ill-defined and being set to 0.0 due to no predicted samples. Use `zero_division` parameter to control this behavior.
  _warn_prf(average, modifier, f"{metric.capitalize()} is", len(result))

2026-09-11 14:02:31,004:WARNING:C:\Users\jenny\AppData\Local\Programs\Python\Python310\lib\site-packages\sklearn\metrics\_classification.py:1509: UndefinedMetricWarning: Precision is ill-defined and being set to 0.0 due to no predicted samples. Use `zero_division` parameter to control this behavior.
  _warn_prf(average, modifier, f"{metric.capitalize()} is", len(result))

2026-09-11 14:02:31,004:WARNING:C:\Users\jenny\AppData\Local\Programs\Python\Python310\lib\site-packages\sklearn\metrics\_classification.py:1509: UndefinedMetricWarning: Precision is ill-defined and being set to 0.0 due to no predicted samples. Use `zero_division` parameter to control this behavior.
  _warn_prf(average, modifier, f"{metric.capitalize()} is", len(result))

2026-09-11 14:02:31,005:WARNING:C:\Users\jenny\AppData\Local\Programs\Python\Python310\lib\site-packages\sklearn\metrics\_classification.py:1509: UndefinedMetricWarning: Precision is ill-defined and being set to 0.0 due to no predicted samples. Use `zero_division` parameter to control this behavior.
  _warn_prf(average, modifier, f"{metric.capitalize()} is", len(result))

2026-09-11 14:02:31,005:WARNING:C:\Users\jenny\AppData\Local\Programs\Python\Python310\lib\site-packages\sklearn\metrics\_classification.py:1509: UndefinedMetricWarning: Precision is ill-defined and being set to 0.0 due to no predicted samples. Use `zero_division` parameter to control this behavior.
  _warn_prf(average, modifier, f"{metric.capitalize()} is", len(result))

2026-09-11 14:02:31,012:WARNING:C:\Users\jenny\AppData\Local\Programs\Python\Python310\lib\site-packages\sklearn\metrics\_classification.py:1509: UndefinedMetricWarning: Precision is ill-defined and being set to 0.0 due to no predicted samples. Use `zero_division` parameter to control this behavior.
  _warn_prf(average, modifier, f"{metric.capitalize()} is", len(result))

2026-09-11 14:02:31,012:WARNING:C:\Users\jenny\AppData\Local\Programs\Python\Python310\lib\site-packages\sklearn\metrics\_classification.py:1509: UndefinedMetricWarning: Precision is ill-defined and being set to 0.0 due to no predicted samples. Use `zero_division` parameter to control this behavior.
  _warn_prf(average, modifier, f"{metric.capitalize()} is", len(result))

2026-09-11 14:02:31,014:WARNING:C:\Users\jenny\AppData\Local\Programs\Python\Python310\lib\site-packages\sklearn\metrics\_classification.py:1509: UndefinedMetricWarning: Precision is ill-defined and being set to 0.0 due to no predicted samples. Use `zero_division` parameter to control this behavior.
  _warn_prf(average, modifier, f"{metric.capitalize()} is", len(result))

2026-09-11 14:02:31,022:WARNING:C:\Users\jenny\AppData\Local\Programs\Python\Python310\lib\site-packages\sklearn\metrics\_classification.py:1509: UndefinedMetricWarning: Precision is ill-defined and being set to 0.0 due to no predicted samples. Use `zero_division` parameter to control this behavior.
  _warn_prf(average, modifier, f"{metric.capitalize()} is", len(result))

2026-09-11 14:02:31,022:WARNING:C:\Users\jenny\AppData\Local\Programs\Python\Python310\lib\site-packages\sklearn\metrics\_classification.py:1509: UndefinedMetricWarning: Precision is ill-defined and being set to 0.0 due to no predicted samples. Use `zero_division` parameter to control this behavior.
  _warn_prf(average, modifier, f"{metric.capitalize()} is", len(result))

2026-09-11 14:02:31,040:INFO:Calculating mean and std
2026-09-11 14:02:31,041:INFO:Creating metrics dataframe
2026-09-11 14:02:31,044:INFO:Finalizing model
2026-09-11 14:02:31,161:INFO:Uploading results into container
2026-09-11 14:02:31,164:INFO:Uploading model into container now
2026-09-11 14:02:31,179:INFO:_master_model_container: 14
2026-09-11 14:02:31,179:INFO:_display_container: 3
2026-09-11 14:02:31,179:INFO:DummyClassifier(constant=None, random_state=8974, strategy='prior')
2026-09-11 14:02:31,179:INFO:create_model() successfully completed......................................
2026-09-11 14:02:31,255:INFO:Initializing finalize_model()
2026-09-11 14:02:31,257:INFO:finalize_model(self=<pycaret.classification.oop.ClassificationExperiment object at 0x0000027182F1D7B0>, estimator=DummyClassifier(constant=None, random_state=8974, strategy='prior'), fit_kwargs=None, groups=None, model_only=False, experiment_custom_tags=None)
2026-09-11 14:02:31,257:INFO:Finalizing DummyClassifier(constant=None, random_state=8974, strategy='prior')
2026-09-11 14:02:31,268:INFO:Initializing create_model()
2026-09-11 14:02:31,268:INFO:create_model(self=<pycaret.classification.oop.ClassificationExperiment object at 0x0000027182F1D7B0>, estimator=DummyClassifier(constant=None, random_state=8974, strategy='prior'), fold=None, round=4, cross_validation=False, predict=False, fit_kwargs={}, groups=None, refit=True, probability_threshold=None, experiment_custom_tags=None, verbose=False, system=False, add_to_model_list=False, metrics=None, display=None, model_only=False, return_train_score=False, error_score=0.0, kwargs={})
2026-09-11 14:02:31,268:INFO:Checking exceptions
2026-09-11 14:02:31,271:INFO:Importing libraries
2026-09-11 14:02:31,271:INFO:Copying training dataset
2026-09-11 14:02:31,271:INFO:Defining folds
2026-09-11 14:02:31,271:INFO:Declaring metric variables
2026-09-11 14:02:31,273:INFO:Importing untrained model
2026-09-11 14:02:31,273:INFO:Declaring custom model
2026-09-11 14:02:31,273:INFO:Dummy Classifier Imported successfully
2026-09-11 14:02:31,275:INFO:Cross validation set to False
2026-09-11 14:02:31,275:INFO:Fitting Model
2026-09-11 14:02:31,461:INFO:Pipeline(memory=Memory(location=None),
         steps=[('numerical_imputer',
                 TransformerWrapper(exclude=None,
                                    include=['grade', 'obsnum',
                                             'totalobs-forsession',
                                             'transitions', 'numactivities',
                                             'formatchanges', 'numformats',
                                             'obsv/act',
                                             'transitions/durations',
                                             'total time'],
                                    transformer=SimpleImputer(add_indicator=False,
                                                              copy=True,
                                                              fill_value=None,
                                                              keep_empty_features=False...
                 TransformerWrapper(exclude=None, include=None,
                                    transformer=FixImbalancer(estimator=SMOTE(k_neighbors=5,
                                                                              random_state=None,
                                                                              sampling_strategy='auto')))),
                ('clean_column_names',
                 TransformerWrapper(exclude=None, include=None,
                                    transformer=CleanColumnNames(match='[\\]\\[\\,\\{\\}\\"\\:]+'))),
                ('actual_estimator',
                 DummyClassifier(constant=None, random_state=8974,
                                 strategy='prior'))],
         verbose=False)
2026-09-11 14:02:31,461:INFO:create_model() successfully completed......................................
2026-09-11 14:02:31,535:INFO:_master_model_container: 14
2026-09-11 14:02:31,536:INFO:_display_container: 3
2026-09-11 14:02:31,545:INFO:Pipeline(memory=Memory(location=None),
         steps=[('numerical_imputer',
                 TransformerWrapper(exclude=None,
                                    include=['grade', 'obsnum',
                                             'totalobs-forsession',
                                             'transitions', 'numactivities',
                                             'formatchanges', 'numformats',
                                             'obsv/act',
                                             'transitions/durations',
                                             'total time'],
                                    transformer=SimpleImputer(add_indicator=False,
                                                              copy=True,
                                                              fill_value=None,
                                                              keep_empty_features=False...
                 TransformerWrapper(exclude=None, include=None,
                                    transformer=FixImbalancer(estimator=SMOTE(k_neighbors=5,
                                                                              random_state=None,
                                                                              sampling_strategy='auto')))),
                ('clean_column_names',
                 TransformerWrapper(exclude=None, include=None,
                                    transformer=CleanColumnNames(match='[\\]\\[\\,\\{\\}\\"\\:]+'))),
                ('actual_estimator',
                 DummyClassifier(constant=None, random_state=8974,
                                 strategy='prior'))],
         verbose=False)
2026-09-11 14:02:31,546:INFO:finalize_model() successfully completed......................................
2026-09-11 14:02:31,631:INFO:Initializing predict_model()
2026-09-11 14:02:31,631:INFO:predict_model(self=<pycaret.classification.oop.ClassificationExperiment object at 0x0000027182F1D7B0>, estimator=Pipeline(memory=Memory(location=None),
         steps=[('numerical_imputer',
                 TransformerWrapper(exclude=None,
                                    include=['grade', 'obsnum',
                                             'totalobs-forsession',
                                             'transitions', 'numactivities',
                                             'formatchanges', 'numformats',
                                             'obsv/act',
                                             'transitions/durations',
                                             'total time'],
                                    transformer=SimpleImputer(add_indicator=False,
                                                              copy=True,
                                                              fill_value=None,
                                                              keep_empty_features=False...
                 TransformerWrapper(exclude=None, include=None,
                                    transformer=FixImbalancer(estimator=SMOTE(k_neighbors=5,
                                                                              random_state=None,
                                                                              sampling_strategy='auto')))),
                ('clean_column_names',
                 TransformerWrapper(exclude=None, include=None,
                                    transformer=CleanColumnNames(match='[\\]\\[\\,\\{\\}\\"\\:]+'))),
                ('actual_estimator',
                 DummyClassifier(constant=None, random_state=8974,
                                 strategy='prior'))],
         verbose=False), probability_threshold=None, encoded_labels=False, raw_score=False, round=4, verbose=True, ml_usecase=None, preprocess=True, encode_labels=<function _SupervisedExperiment.predict_model.<locals>.encode_labels at 0x0000027187758B80>)
2026-09-11 14:02:31,631:INFO:Checking exceptions
2026-09-11 14:02:31,631:INFO:Preloading libraries
2026-09-11 14:02:31,631:INFO:Set up data.
2026-09-11 14:02:31,641:INFO:Set up index.
2026-09-11 14:02:31,673:WARNING:C:\Users\jenny\AppData\Local\Programs\Python\Python310\lib\site-packages\sklearn\metrics\_classification.py:1509: UndefinedMetricWarning: Precision is ill-defined and being set to 0.0 due to no predicted samples. Use `zero_division` parameter to control this behavior.
  _warn_prf(average, modifier, f"{metric.capitalize()} is", len(result))

2026-09-11 14:11:39,191:WARNING:
'cuml' is a soft dependency and not included in the pycaret installation. Please run: `pip install cuml` to install.
2026-09-11 14:11:39,191:WARNING:
'cuml' is a soft dependency and not included in the pycaret installation. Please run: `pip install cuml` to install.
2026-09-11 14:11:39,191:WARNING:
'cuml' is a soft dependency and not included in the pycaret installation. Please run: `pip install cuml` to install.
2026-09-11 14:11:39,191:WARNING:
'cuml' is a soft dependency and not included in the pycaret installation. Please run: `pip install cuml` to install.
2026-09-11 14:11:55,622:INFO:PyCaret ClassificationExperiment
2026-09-11 14:11:55,622:INFO:Logging name: clf-default-name
2026-09-11 14:11:55,622:INFO:ML Usecase: MLUsecase.CLASSIFICATION
2026-09-11 14:11:55,622:INFO:version 3.3.2
2026-09-11 14:11:55,622:INFO:Initializing setup()
2026-09-11 14:11:55,622:INFO:self.USI: 357b
2026-09-11 14:11:55,622:INFO:self._variable_keys: {'X', 'fold_groups_param', 'log_plots_param', 'target_param', '_available_plots', 'gpu_n_jobs_param', 'gpu_param', 'X_train', 'fold_shuffle_param', 'is_multiclass', '_ml_usecase', 'logging_param', 'exp_id', 'html_param', 'exp_name_log', 'fold_generator', 'pipeline', 'memory', 'data', 'fix_imbalance', 'seed', 'n_jobs_param', 'idx', 'USI', 'y', 'y_train', 'y_test', 'X_test'}
2026-09-11 14:11:55,622:INFO:Checking environment
2026-09-11 14:11:55,622:INFO:python_version: 3.10.5
2026-09-11 14:11:55,622:INFO:python_build: ('tags/v3.10.5:f377153', 'Jun  6 2022 16:14:13')
2026-09-11 14:11:55,622:INFO:machine: AMD64
2026-09-11 14:11:55,643:INFO:platform: Windows-10-10.0.26200-SP0
2026-09-11 14:11:55,643:INFO:Memory: svmem(total=16749838336, available=3916746752, percent=76.6, used=12833091584, free=3916746752)
2026-09-11 14:11:55,644:INFO:Physical Core: 12
2026-09-11 14:11:55,644:INFO:Logical Core: 12
2026-09-11 14:11:55,644:INFO:Checking libraries
2026-09-11 14:11:55,644:INFO:System:
2026-09-11 14:11:55,644:INFO:    python: 3.10.5 (tags/v3.10.5:f377153, Jun  6 2022, 16:14:13) [MSC v.1929 64 bit (AMD64)]
2026-09-11 14:11:55,644:INFO:executable: C:\Users\jenny\AppData\Local\Programs\Python\Python310\python.exe
2026-09-11 14:11:55,644:INFO:   machine: Windows-10-10.0.26200-SP0
2026-09-11 14:11:55,644:INFO:PyCaret required dependencies:
2026-09-11 14:11:55,664:INFO:                 pip: 22.0.4
2026-09-11 14:11:55,664:INFO:          setuptools: 58.1.0
2026-09-11 14:11:55,664:INFO:             pycaret: 3.3.2
2026-09-11 14:11:55,664:INFO:             IPython: 8.37.0
2026-09-11 14:11:55,664:INFO:          ipywidgets: 8.1.9
2026-09-11 14:11:55,664:INFO:                tqdm: 4.67.1
2026-09-11 14:11:55,664:INFO:               numpy: 1.26.4
2026-09-11 14:11:55,664:INFO:              pandas: 2.1.4
2026-09-11 14:11:55,664:INFO:              jinja2: 3.1.6
2026-09-11 14:11:55,664:INFO:               scipy: 1.11.4
2026-09-11 14:11:55,664:INFO:              joblib: 1.3.2
2026-09-11 14:11:55,664:INFO:             sklearn: 1.4.2
2026-09-11 14:11:55,664:INFO:                pyod: 3.4.0
2026-09-11 14:11:55,664:INFO:            imblearn: 0.14.2
2026-09-11 14:11:55,664:INFO:   category_encoders: 2.7.0
2026-09-11 14:11:55,664:INFO:            lightgbm: 4.7.0
2026-09-11 14:11:55,664:INFO:               numba: 0.62.1
2026-09-11 14:11:55,664:INFO:            requests: 2.32.5
2026-09-11 14:11:55,664:INFO:          matplotlib: 3.7.5
2026-09-11 14:11:55,665:INFO:          scikitplot: 0.3.7
2026-09-11 14:11:55,665:INFO:         yellowbrick: 1.5
2026-09-11 14:11:55,665:INFO:              plotly: 6.9.0
2026-09-11 14:11:55,665:INFO:    plotly-resampler: Not installed
2026-09-11 14:11:55,665:INFO:             kaleido: 1.4.0
2026-09-11 14:11:55,665:INFO:           schemdraw: 0.15
2026-09-11 14:11:55,665:INFO:         statsmodels: 0.14.6
2026-09-11 14:11:55,665:INFO:              sktime: 0.26.0
2026-09-11 14:11:55,665:INFO:               tbats: 1.1.3
2026-09-11 14:11:55,665:INFO:            pmdarima: 2.0.4
2026-09-11 14:11:55,665:INFO:              psutil: 7.1.1
2026-09-11 14:11:55,665:INFO:          markupsafe: 3.0.3
2026-09-11 14:11:55,665:INFO:             pickle5: Not installed
2026-09-11 14:11:55,665:INFO:         cloudpickle: 3.1.2
2026-09-11 14:11:55,665:INFO:         deprecation: 2.1.0
2026-09-11 14:11:55,665:INFO:              xxhash: 4.0.1
2026-09-11 14:11:55,665:INFO:           wurlitzer: Not installed
2026-09-11 14:11:55,665:INFO:PyCaret optional dependencies:
2026-09-11 14:11:55,669:INFO:                shap: Not installed
2026-09-11 14:11:55,669:INFO:           interpret: Not installed
2026-09-11 14:11:55,669:INFO:                umap: Not installed
2026-09-11 14:11:55,669:INFO:     ydata_profiling: 4.18.0
2026-09-11 14:11:55,669:INFO:  explainerdashboard: Not installed
2026-09-11 14:11:55,669:INFO:             autoviz: Not installed
2026-09-11 14:11:55,669:INFO:           fairlearn: Not installed
2026-09-11 14:11:55,669:INFO:          deepchecks: Not installed
2026-09-11 14:11:55,669:INFO:             xgboost: Not installed
2026-09-11 14:11:55,669:INFO:            catboost: Not installed
2026-09-11 14:11:55,669:INFO:              kmodes: Not installed
2026-09-11 14:11:55,669:INFO:             mlxtend: Not installed
2026-09-11 14:11:55,669:INFO:       statsforecast: Not installed
2026-09-11 14:11:55,669:INFO:        tune_sklearn: Not installed
2026-09-11 14:11:55,669:INFO:                 ray: Not installed
2026-09-11 14:11:55,669:INFO:            hyperopt: Not installed
2026-09-11 14:11:55,669:INFO:              optuna: Not installed
2026-09-11 14:11:55,669:INFO:               skopt: Not installed
2026-09-11 14:11:55,669:INFO:              mlflow: Not installed
2026-09-11 14:11:55,669:INFO:              gradio: Not installed
2026-09-11 14:11:55,669:INFO:             fastapi: Not installed
2026-09-11 14:11:55,669:INFO:             uvicorn: Not installed
2026-09-11 14:11:55,670:INFO:              m2cgen: Not installed
2026-09-11 14:11:55,670:INFO:           evidently: Not installed
2026-09-11 14:11:55,670:INFO:               fugue: Not installed
2026-09-11 14:11:55,670:INFO:           streamlit: Not installed
2026-09-11 14:11:55,670:INFO:             prophet: Not installed
2026-09-11 14:11:55,670:INFO:None
2026-09-11 14:11:55,670:INFO:Set up data.
2026-09-11 14:11:55,678:INFO:Set up folding strategy.
2026-09-11 14:11:55,678:INFO:Set up train/test split.
2026-09-11 14:11:55,690:INFO:Set up index.
2026-09-11 14:11:55,691:INFO:Assigning column types.
2026-09-11 14:11:55,697:INFO:Engine successfully changes for model 'lr' to 'sklearn'.
2026-09-11 14:11:55,731:INFO:Engine for model 'knn' has not been set explicitly, hence returning None.
2026-09-11 14:11:55,731:INFO:Engine for model 'rbfsvm' has not been set explicitly, hence returning None.
2026-09-11 14:11:55,757:WARNING:
'xgboost' is a soft dependency and not included in the pycaret installation. Please run: `pip install xgboost` to install.
Alternately, you can install this by running `pip install pycaret[models]`
2026-09-11 14:11:55,761:WARNING:
'catboost' is a soft dependency and not included in the pycaret installation. Please run: `pip install catboost` to install.
Alternately, you can install this by running `pip install pycaret[models]`
2026-09-11 14:11:55,790:INFO:Engine for model 'knn' has not been set explicitly, hence returning None.
2026-09-11 14:11:55,790:INFO:Engine for model 'rbfsvm' has not been set explicitly, hence returning None.
2026-09-11 14:11:55,814:WARNING:
'xgboost' is a soft dependency and not included in the pycaret installation. Please run: `pip install xgboost` to install.
Alternately, you can install this by running `pip install pycaret[models]`
2026-09-11 14:11:55,814:WARNING:
'catboost' is a soft dependency and not included in the pycaret installation. Please run: `pip install catboost` to install.
Alternately, you can install this by running `pip install pycaret[models]`
2026-09-11 14:11:55,814:INFO:Engine successfully changes for model 'knn' to 'sklearn'.
2026-09-11 14:11:55,847:INFO:Engine for model 'rbfsvm' has not been set explicitly, hence returning None.
2026-09-11 14:11:55,865:WARNING:
'xgboost' is a soft dependency and not included in the pycaret installation. Please run: `pip install xgboost` to install.
Alternately, you can install this by running `pip install pycaret[models]`
2026-09-11 14:11:55,867:WARNING:
'catboost' is a soft dependency and not included in the pycaret installation. Please run: `pip install catboost` to install.
Alternately, you can install this by running `pip install pycaret[models]`
2026-09-11 14:11:55,899:INFO:Engine for model 'rbfsvm' has not been set explicitly, hence returning None.
2026-09-11 14:11:55,918:WARNING:
'xgboost' is a soft dependency and not included in the pycaret installation. Please run: `pip install xgboost` to install.
Alternately, you can install this by running `pip install pycaret[models]`
2026-09-11 14:11:55,918:WARNING:
'catboost' is a soft dependency and not included in the pycaret installation. Please run: `pip install catboost` to install.
Alternately, you can install this by running `pip install pycaret[models]`
2026-09-11 14:11:55,918:INFO:Engine successfully changes for model 'rbfsvm' to 'sklearn'.
2026-09-11 14:11:55,970:WARNING:
'xgboost' is a soft dependency and not included in the pycaret installation. Please run: `pip install xgboost` to install.
Alternately, you can install this by running `pip install pycaret[models]`
2026-09-11 14:11:55,970:WARNING:
'catboost' is a soft dependency and not included in the pycaret installation. Please run: `pip install catboost` to install.
Alternately, you can install this by running `pip install pycaret[models]`
2026-09-11 14:11:56,023:WARNING:
'xgboost' is a soft dependency and not included in the pycaret installation. Please run: `pip install xgboost` to install.
Alternately, you can install this by running `pip install pycaret[models]`
2026-09-11 14:11:56,024:WARNING:
'catboost' is a soft dependency and not included in the pycaret installation. Please run: `pip install catboost` to install.
Alternately, you can install this by running `pip install pycaret[models]`
2026-09-11 14:11:56,025:INFO:Preparing preprocessing pipeline...
2026-09-11 14:11:56,027:INFO:Set up simple imputation.
2026-09-11 14:11:56,029:INFO:Set up column name cleaning.
2026-09-11 14:11:56,079:INFO:Finished creating preprocessing pipeline.
2026-09-11 14:11:56,084:INFO:Pipeline: Pipeline(memory=FastMemory(location=C:\Users\jenny\AppData\Local\Temp\joblib),
         steps=[('numerical_imputer',
                 TransformerWrapper(exclude=None,
                                    include=['grade', 'obsnum',
                                             'totalobs-forsession',
                                             'transitions', 'numactivities',
                                             'formatchanges', 'numformats',
                                             'obsv/act',
                                             'transitions/durations',
                                             'total time'],
                                    transformer=SimpleImputer(add_indicator=False,
                                                              copy=True,
                                                              f...
                ('categorical_imputer',
                 TransformerWrapper(exclude=None, include=[],
                                    transformer=SimpleImputer(add_indicator=False,
                                                              copy=True,
                                                              fill_value=None,
                                                              keep_empty_features=False,
                                                              missing_values=nan,
                                                              strategy='most_frequent'))),
                ('clean_column_names',
                 TransformerWrapper(exclude=None, include=None,
                                    transformer=CleanColumnNames(match='[\\]\\[\\,\\{\\}\\"\\:]+')))],
         verbose=False)
2026-09-11 14:11:56,084:INFO:Creating final display dataframe.
2026-09-11 14:11:56,187:INFO:Setup _display_container:                     Description             Value
0                    Session id              7570
1                        Target            ontask
2                   Target type            Binary
3           Original data shape       (22184, 17)
4        Transformed data shape       (22184, 17)
5   Transformed train set shape       (15528, 17)
6    Transformed test set shape        (6656, 17)
7              Numeric features                10
8                    Preprocess              True
9               Imputation type            simple
10           Numeric imputation              mean
11       Categorical imputation              mode
12               Fold Generator   StratifiedKFold
13                  Fold Number                10
14                     CPU Jobs                -1
15                      Use GPU             False
16               Log Experiment             False
17              Experiment Name  clf-default-name
18                          USI              357b
2026-09-11 14:11:56,231:WARNING:
'xgboost' is a soft dependency and not included in the pycaret installation. Please run: `pip install xgboost` to install.
Alternately, you can install this by running `pip install pycaret[models]`
2026-09-11 14:11:56,231:WARNING:
'catboost' is a soft dependency and not included in the pycaret installation. Please run: `pip install catboost` to install.
Alternately, you can install this by running `pip install pycaret[models]`
2026-09-11 14:11:56,293:WARNING:
'xgboost' is a soft dependency and not included in the pycaret installation. Please run: `pip install xgboost` to install.
Alternately, you can install this by running `pip install pycaret[models]`
2026-09-11 14:11:56,293:WARNING:
'catboost' is a soft dependency and not included in the pycaret installation. Please run: `pip install catboost` to install.
Alternately, you can install this by running `pip install pycaret[models]`
2026-09-11 14:11:56,293:INFO:setup() successfully completed in 0.67s...............
2026-09-11 14:11:56,293:INFO:Initializing compare_models()
2026-09-11 14:11:56,293:INFO:compare_models(self=<pycaret.classification.oop.ClassificationExperiment object at 0x000002927427DAE0>, include=None, fold=None, round=4, cross_validation=True, sort=Accuracy, n_select=1, budget_time=None, turbo=True, errors=ignore, fit_kwargs=None, groups=None, experiment_custom_tags=None, probability_threshold=None, verbose=True, parallel=None, caller_params={'self': <pycaret.classification.oop.ClassificationExperiment object at 0x000002927427DAE0>, 'include': None, 'exclude': None, 'fold': None, 'round': 4, 'cross_validation': True, 'sort': 'Accuracy', 'n_select': 1, 'budget_time': None, 'turbo': True, 'errors': 'ignore', 'fit_kwargs': None, 'groups': None, 'experiment_custom_tags': None, 'probability_threshold': None, 'engine': None, 'verbose': True, 'parallel': None, '__class__': <class 'pycaret.classification.oop.ClassificationExperiment'>}, exclude=None)
2026-09-11 14:11:56,293:INFO:Checking exceptions
2026-09-11 14:11:56,293:INFO:Preparing display monitor
2026-09-11 14:11:56,293:INFO:Initializing Logistic Regression
2026-09-11 14:11:56,293:INFO:Total runtime is 0.0 minutes
2026-09-11 14:11:56,293:INFO:SubProcess create_model() called ==================================
2026-09-11 14:11:56,293:INFO:Initializing create_model()
2026-09-11 14:11:56,293:INFO:create_model(self=<pycaret.classification.oop.ClassificationExperiment object at 0x000002927427DAE0>, estimator=lr, fold=StratifiedKFold(n_splits=10, random_state=None, shuffle=False), round=4, cross_validation=True, predict=True, fit_kwargs={}, groups=None, refit=False, probability_threshold=None, experiment_custom_tags=None, verbose=False, system=False, add_to_model_list=True, metrics=None, display=<pycaret.internal.display.display.CommonDisplay object at 0x000002926CFD9750>, model_only=True, return_train_score=False, error_score=0.0, kwargs={})
2026-09-11 14:11:56,293:INFO:Checking exceptions
2026-09-11 14:11:56,293:INFO:Importing libraries
2026-09-11 14:11:56,293:INFO:Copying training dataset
2026-09-11 14:11:56,309:INFO:Defining folds
2026-09-11 14:11:56,309:INFO:Declaring metric variables
2026-09-11 14:11:56,309:INFO:Importing untrained model
2026-09-11 14:11:56,309:INFO:Logistic Regression Imported successfully
2026-09-11 14:11:56,309:INFO:Starting cross validation
2026-09-11 14:11:56,309:INFO:Cross validating with StratifiedKFold(n_splits=10, random_state=None, shuffle=False), n_jobs=-1
2026-09-11 14:11:59,943:WARNING:C:\Users\jenny\AppData\Local\Programs\Python\Python310\lib\site-packages\sklearn\linear_model\_logistic.py:469: ConvergenceWarning: lbfgs failed to converge (status=1):
STOP: TOTAL NO. of ITERATIONS REACHED LIMIT.

Increase the number of iterations (max_iter) or scale the data as shown in:
    https://scikit-learn.org/stable/modules/preprocessing.html
Please also refer to the documentation for alternative solver options:
    https://scikit-learn.org/stable/modules/linear_model.html#logistic-regression
  n_iter_i = _check_optimize_result(

2026-09-11 14:11:59,953:WARNING:C:\Users\jenny\AppData\Local\Programs\Python\Python310\lib\site-packages\sklearn\linear_model\_logistic.py:469: ConvergenceWarning: lbfgs failed to converge (status=1):
STOP: TOTAL NO. of ITERATIONS REACHED LIMIT.

Increase the number of iterations (max_iter) or scale the data as shown in:
    https://scikit-learn.org/stable/modules/preprocessing.html
Please also refer to the documentation for alternative solver options:
    https://scikit-learn.org/stable/modules/linear_model.html#logistic-regression
  n_iter_i = _check_optimize_result(

2026-09-11 14:11:59,960:WARNING:C:\Users\jenny\AppData\Local\Programs\Python\Python310\lib\site-packages\sklearn\linear_model\_logistic.py:469: ConvergenceWarning: lbfgs failed to converge (status=1):
STOP: TOTAL NO. of ITERATIONS REACHED LIMIT.

Increase the number of iterations (max_iter) or scale the data as shown in:
    https://scikit-learn.org/stable/modules/preprocessing.html
Please also refer to the documentation for alternative solver options:
    https://scikit-learn.org/stable/modules/linear_model.html#logistic-regression
  n_iter_i = _check_optimize_result(

2026-09-11 14:11:59,962:WARNING:C:\Users\jenny\AppData\Local\Programs\Python\Python310\lib\site-packages\sklearn\metrics\_classification.py:1509: UndefinedMetricWarning: Precision is ill-defined and being set to 0.0 due to no predicted samples. Use `zero_division` parameter to control this behavior.
  _warn_prf(average, modifier, f"{metric.capitalize()} is", len(result))

2026-09-11 14:11:59,972:WARNING:C:\Users\jenny\AppData\Local\Programs\Python\Python310\lib\site-packages\sklearn\metrics\_classification.py:1509: UndefinedMetricWarning: Precision is ill-defined and being set to 0.0 due to no predicted samples. Use `zero_division` parameter to control this behavior.
  _warn_prf(average, modifier, f"{metric.capitalize()} is", len(result))

2026-09-11 14:11:59,972:WARNING:C:\Users\jenny\AppData\Local\Programs\Python\Python310\lib\site-packages\sklearn\linear_model\_logistic.py:469: ConvergenceWarning: lbfgs failed to converge (status=1):
STOP: TOTAL NO. of ITERATIONS REACHED LIMIT.

Increase the number of iterations (max_iter) or scale the data as shown in:
    https://scikit-learn.org/stable/modules/preprocessing.html
Please also refer to the documentation for alternative solver options:
    https://scikit-learn.org/stable/modules/linear_model.html#logistic-regression
  n_iter_i = _check_optimize_result(

2026-09-11 14:11:59,973:WARNING:C:\Users\jenny\AppData\Local\Programs\Python\Python310\lib\site-packages\sklearn\linear_model\_logistic.py:469: ConvergenceWarning: lbfgs failed to converge (status=1):
STOP: TOTAL NO. of ITERATIONS REACHED LIMIT.

Increase the number of iterations (max_iter) or scale the data as shown in:
    https://scikit-learn.org/stable/modules/preprocessing.html
Please also refer to the documentation for alternative solver options:
    https://scikit-learn.org/stable/modules/linear_model.html#logistic-regression
  n_iter_i = _check_optimize_result(

2026-09-11 14:11:59,976:WARNING:C:\Users\jenny\AppData\Local\Programs\Python\Python310\lib\site-packages\sklearn\linear_model\_logistic.py:469: ConvergenceWarning: lbfgs failed to converge (status=1):
STOP: TOTAL NO. of ITERATIONS REACHED LIMIT.

Increase the number of iterations (max_iter) or scale the data as shown in:
    https://scikit-learn.org/stable/modules/preprocessing.html
Please also refer to the documentation for alternative solver options:
    https://scikit-learn.org/stable/modules/linear_model.html#logistic-regression
  n_iter_i = _check_optimize_result(

2026-09-11 14:11:59,977:WARNING:C:\Users\jenny\AppData\Local\Programs\Python\Python310\lib\site-packages\sklearn\metrics\_classification.py:1509: UndefinedMetricWarning: Precision is ill-defined and being set to 0.0 due to no predicted samples. Use `zero_division` parameter to control this behavior.
  _warn_prf(average, modifier, f"{metric.capitalize()} is", len(result))

2026-09-11 14:11:59,979:WARNING:C:\Users\jenny\AppData\Local\Programs\Python\Python310\lib\site-packages\sklearn\linear_model\_logistic.py:469: ConvergenceWarning: lbfgs failed to converge (status=1):
STOP: TOTAL NO. of ITERATIONS REACHED LIMIT.

Increase the number of iterations (max_iter) or scale the data as shown in:
    https://scikit-learn.org/stable/modules/preprocessing.html
Please also refer to the documentation for alternative solver options:
    https://scikit-learn.org/stable/modules/linear_model.html#logistic-regression
  n_iter_i = _check_optimize_result(

2026-09-11 14:11:59,985:WARNING:C:\Users\jenny\AppData\Local\Programs\Python\Python310\lib\site-packages\sklearn\linear_model\_logistic.py:469: ConvergenceWarning: lbfgs failed to converge (status=1):
STOP: TOTAL NO. of ITERATIONS REACHED LIMIT.

Increase the number of iterations (max_iter) or scale the data as shown in:
    https://scikit-learn.org/stable/modules/preprocessing.html
Please also refer to the documentation for alternative solver options:
    https://scikit-learn.org/stable/modules/linear_model.html#logistic-regression
  n_iter_i = _check_optimize_result(

2026-09-11 14:11:59,989:WARNING:C:\Users\jenny\AppData\Local\Programs\Python\Python310\lib\site-packages\sklearn\metrics\_classification.py:1509: UndefinedMetricWarning: Precision is ill-defined and being set to 0.0 due to no predicted samples. Use `zero_division` parameter to control this behavior.
  _warn_prf(average, modifier, f"{metric.capitalize()} is", len(result))

2026-09-11 14:11:59,991:WARNING:C:\Users\jenny\AppData\Local\Programs\Python\Python310\lib\site-packages\sklearn\metrics\_classification.py:1509: UndefinedMetricWarning: Precision is ill-defined and being set to 0.0 due to no predicted samples. Use `zero_division` parameter to control this behavior.
  _warn_prf(average, modifier, f"{metric.capitalize()} is", len(result))

2026-09-11 14:11:59,993:WARNING:C:\Users\jenny\AppData\Local\Programs\Python\Python310\lib\site-packages\sklearn\metrics\_classification.py:1509: UndefinedMetricWarning: Precision is ill-defined and being set to 0.0 due to no predicted samples. Use `zero_division` parameter to control this behavior.
  _warn_prf(average, modifier, f"{metric.capitalize()} is", len(result))

2026-09-11 14:11:59,996:WARNING:C:\Users\jenny\AppData\Local\Programs\Python\Python310\lib\site-packages\sklearn\metrics\_classification.py:1509: UndefinedMetricWarning: Precision is ill-defined and being set to 0.0 due to no predicted samples. Use `zero_division` parameter to control this behavior.
  _warn_prf(average, modifier, f"{metric.capitalize()} is", len(result))

2026-09-11 14:12:00,003:WARNING:C:\Users\jenny\AppData\Local\Programs\Python\Python310\lib\site-packages\sklearn\metrics\_classification.py:1509: UndefinedMetricWarning: Precision is ill-defined and being set to 0.0 due to no predicted samples. Use `zero_division` parameter to control this behavior.
  _warn_prf(average, modifier, f"{metric.capitalize()} is", len(result))

2026-09-11 14:12:00,080:WARNING:C:\Users\jenny\AppData\Local\Programs\Python\Python310\lib\site-packages\sklearn\linear_model\_logistic.py:469: ConvergenceWarning: lbfgs failed to converge (status=1):
STOP: TOTAL NO. of ITERATIONS REACHED LIMIT.

Increase the number of iterations (max_iter) or scale the data as shown in:
    https://scikit-learn.org/stable/modules/preprocessing.html
Please also refer to the documentation for alternative solver options:
    https://scikit-learn.org/stable/modules/linear_model.html#logistic-regression
  n_iter_i = _check_optimize_result(

2026-09-11 14:12:00,084:WARNING:C:\Users\jenny\AppData\Local\Programs\Python\Python310\lib\site-packages\sklearn\linear_model\_logistic.py:469: ConvergenceWarning: lbfgs failed to converge (status=1):
STOP: TOTAL NO. of ITERATIONS REACHED LIMIT.

Increase the number of iterations (max_iter) or scale the data as shown in:
    https://scikit-learn.org/stable/modules/preprocessing.html
Please also refer to the documentation for alternative solver options:
    https://scikit-learn.org/stable/modules/linear_model.html#logistic-regression
  n_iter_i = _check_optimize_result(

2026-09-11 14:12:00,094:WARNING:C:\Users\jenny\AppData\Local\Programs\Python\Python310\lib\site-packages\sklearn\metrics\_classification.py:1509: UndefinedMetricWarning: Precision is ill-defined and being set to 0.0 due to no predicted samples. Use `zero_division` parameter to control this behavior.
  _warn_prf(average, modifier, f"{metric.capitalize()} is", len(result))

2026-09-11 14:12:00,096:WARNING:C:\Users\jenny\AppData\Local\Programs\Python\Python310\lib\site-packages\sklearn\metrics\_classification.py:1509: UndefinedMetricWarning: Precision is ill-defined and being set to 0.0 due to no predicted samples. Use `zero_division` parameter to control this behavior.
  _warn_prf(average, modifier, f"{metric.capitalize()} is", len(result))

2026-09-11 14:12:00,114:INFO:Calculating mean and std
2026-09-11 14:12:00,114:INFO:Creating metrics dataframe
2026-09-11 14:12:00,117:INFO:Uploading results into container
2026-09-11 14:12:00,117:INFO:Uploading model into container now
2026-09-11 14:12:00,117:INFO:_master_model_container: 1
2026-09-11 14:12:00,119:INFO:_display_container: 2
2026-09-11 14:12:00,119:INFO:LogisticRegression(C=1.0, class_weight=None, dual=False, fit_intercept=True,
                   intercept_scaling=1, l1_ratio=None, max_iter=1000,
                   multi_class='auto', n_jobs=None, penalty='l2',
                   random_state=7570, solver='lbfgs', tol=0.0001, verbose=0,
                   warm_start=False)
2026-09-11 14:12:00,119:INFO:create_model() successfully completed......................................
2026-09-11 14:12:00,181:INFO:SubProcess create_model() end ==================================
2026-09-11 14:12:00,182:INFO:Creating metrics dataframe
2026-09-11 14:12:00,184:INFO:Initializing K Neighbors Classifier
2026-09-11 14:12:00,184:INFO:Total runtime is 0.06485343774159749 minutes
2026-09-11 14:12:00,184:INFO:SubProcess create_model() called ==================================
2026-09-11 14:12:00,184:INFO:Initializing create_model()
2026-09-11 14:12:00,184:INFO:create_model(self=<pycaret.classification.oop.ClassificationExperiment object at 0x000002927427DAE0>, estimator=knn, fold=StratifiedKFold(n_splits=10, random_state=None, shuffle=False), round=4, cross_validation=True, predict=True, fit_kwargs={}, groups=None, refit=False, probability_threshold=None, experiment_custom_tags=None, verbose=False, system=False, add_to_model_list=True, metrics=None, display=<pycaret.internal.display.display.CommonDisplay object at 0x000002926CFD9750>, model_only=True, return_train_score=False, error_score=0.0, kwargs={})
2026-09-11 14:12:00,184:INFO:Checking exceptions
2026-09-11 14:12:00,184:INFO:Importing libraries
2026-09-11 14:12:00,184:INFO:Copying training dataset
2026-09-11 14:12:00,186:INFO:Defining folds
2026-09-11 14:12:00,186:INFO:Declaring metric variables
2026-09-11 14:12:00,186:INFO:Importing untrained model
2026-09-11 14:12:00,186:INFO:K Neighbors Classifier Imported successfully
2026-09-11 14:12:00,186:INFO:Starting cross validation
2026-09-11 14:12:00,186:INFO:Cross validating with StratifiedKFold(n_splits=10, random_state=None, shuffle=False), n_jobs=-1
2026-09-11 14:12:01,889:INFO:Calculating mean and std
2026-09-11 14:12:01,889:INFO:Creating metrics dataframe
2026-09-11 14:12:01,891:INFO:Uploading results into container
2026-09-11 14:12:01,891:INFO:Uploading model into container now
2026-09-11 14:12:01,891:INFO:_master_model_container: 2
2026-09-11 14:12:01,891:INFO:_display_container: 2
2026-09-11 14:12:01,891:INFO:KNeighborsClassifier(algorithm='auto', leaf_size=30, metric='minkowski',
                     metric_params=None, n_jobs=-1, n_neighbors=5, p=2,
                     weights='uniform')
2026-09-11 14:12:01,891:INFO:create_model() successfully completed......................................
2026-09-11 14:12:01,948:INFO:SubProcess create_model() end ==================================
2026-09-11 14:12:01,948:INFO:Creating metrics dataframe
2026-09-11 14:12:01,950:INFO:Initializing Naive Bayes
2026-09-11 14:12:01,950:INFO:Total runtime is 0.0942769964536031 minutes
2026-09-11 14:12:01,950:INFO:SubProcess create_model() called ==================================
2026-09-11 14:12:01,950:INFO:Initializing create_model()
2026-09-11 14:12:01,950:INFO:create_model(self=<pycaret.classification.oop.ClassificationExperiment object at 0x000002927427DAE0>, estimator=nb, fold=StratifiedKFold(n_splits=10, random_state=None, shuffle=False), round=4, cross_validation=True, predict=True, fit_kwargs={}, groups=None, refit=False, probability_threshold=None, experiment_custom_tags=None, verbose=False, system=False, add_to_model_list=True, metrics=None, display=<pycaret.internal.display.display.CommonDisplay object at 0x000002926CFD9750>, model_only=True, return_train_score=False, error_score=0.0, kwargs={})
2026-09-11 14:12:01,951:INFO:Checking exceptions
2026-09-11 14:12:01,951:INFO:Importing libraries
2026-09-11 14:12:01,951:INFO:Copying training dataset
2026-09-11 14:12:01,959:INFO:Defining folds
2026-09-11 14:12:01,959:INFO:Declaring metric variables
2026-09-11 14:12:01,959:INFO:Importing untrained model
2026-09-11 14:12:01,959:INFO:Naive Bayes Imported successfully
2026-09-11 14:12:01,959:INFO:Starting cross validation
2026-09-11 14:12:01,960:INFO:Cross validating with StratifiedKFold(n_splits=10, random_state=None, shuffle=False), n_jobs=-1
2026-09-11 14:12:02,045:INFO:Calculating mean and std
2026-09-11 14:12:02,045:INFO:Creating metrics dataframe
2026-09-11 14:12:02,047:INFO:Uploading results into container
2026-09-11 14:12:02,047:INFO:Uploading model into container now
2026-09-11 14:12:02,047:INFO:_master_model_container: 3
2026-09-11 14:12:02,047:INFO:_display_container: 2
2026-09-11 14:12:02,047:INFO:GaussianNB(priors=None, var_smoothing=1e-09)
2026-09-11 14:12:02,047:INFO:create_model() successfully completed......................................
2026-09-11 14:12:02,098:INFO:SubProcess create_model() end ==================================
2026-09-11 14:12:02,098:INFO:Creating metrics dataframe
2026-09-11 14:12:02,098:INFO:Initializing Decision Tree Classifier
2026-09-11 14:12:02,098:INFO:Total runtime is 0.09675410191218058 minutes
2026-09-11 14:12:02,098:INFO:SubProcess create_model() called ==================================
2026-09-11 14:12:02,098:INFO:Initializing create_model()
2026-09-11 14:12:02,098:INFO:create_model(self=<pycaret.classification.oop.ClassificationExperiment object at 0x000002927427DAE0>, estimator=dt, fold=StratifiedKFold(n_splits=10, random_state=None, shuffle=False), round=4, cross_validation=True, predict=True, fit_kwargs={}, groups=None, refit=False, probability_threshold=None, experiment_custom_tags=None, verbose=False, system=False, add_to_model_list=True, metrics=None, display=<pycaret.internal.display.display.CommonDisplay object at 0x000002926CFD9750>, model_only=True, return_train_score=False, error_score=0.0, kwargs={})
2026-09-11 14:12:02,098:INFO:Checking exceptions
2026-09-11 14:12:02,098:INFO:Importing libraries
2026-09-11 14:12:02,098:INFO:Copying training dataset
2026-09-11 14:12:02,113:INFO:Defining folds
2026-09-11 14:12:02,113:INFO:Declaring metric variables
2026-09-11 14:12:02,113:INFO:Importing untrained model
2026-09-11 14:12:02,114:INFO:Decision Tree Classifier Imported successfully
2026-09-11 14:12:02,114:INFO:Starting cross validation
2026-09-11 14:12:02,114:INFO:Cross validating with StratifiedKFold(n_splits=10, random_state=None, shuffle=False), n_jobs=-1
2026-09-11 14:12:02,273:INFO:Calculating mean and std
2026-09-11 14:12:02,274:INFO:Creating metrics dataframe
2026-09-11 14:12:02,274:INFO:Uploading results into container
2026-09-11 14:12:02,274:INFO:Uploading model into container now
2026-09-11 14:12:02,276:INFO:_master_model_container: 4
2026-09-11 14:12:02,276:INFO:_display_container: 2
2026-09-11 14:12:02,276:INFO:DecisionTreeClassifier(ccp_alpha=0.0, class_weight=None, criterion='gini',
                       max_depth=None, max_features=None, max_leaf_nodes=None,
                       min_impurity_decrease=0.0, min_samples_leaf=1,
                       min_samples_split=2, min_weight_fraction_leaf=0.0,
                       monotonic_cst=None, random_state=7570, splitter='best')
2026-09-11 14:12:02,276:INFO:create_model() successfully completed......................................
2026-09-11 14:12:02,327:INFO:SubProcess create_model() end ==================================
2026-09-11 14:12:02,327:INFO:Creating metrics dataframe
2026-09-11 14:12:02,330:INFO:Initializing SVM - Linear Kernel
2026-09-11 14:12:02,330:INFO:Total runtime is 0.100615656375885 minutes
2026-09-11 14:12:02,330:INFO:SubProcess create_model() called ==================================
2026-09-11 14:12:02,330:INFO:Initializing create_model()
2026-09-11 14:12:02,330:INFO:create_model(self=<pycaret.classification.oop.ClassificationExperiment object at 0x000002927427DAE0>, estimator=svm, fold=StratifiedKFold(n_splits=10, random_state=None, shuffle=False), round=4, cross_validation=True, predict=True, fit_kwargs={}, groups=None, refit=False, probability_threshold=None, experiment_custom_tags=None, verbose=False, system=False, add_to_model_list=True, metrics=None, display=<pycaret.internal.display.display.CommonDisplay object at 0x000002926CFD9750>, model_only=True, return_train_score=False, error_score=0.0, kwargs={})
2026-09-11 14:12:02,330:INFO:Checking exceptions
2026-09-11 14:12:02,330:INFO:Importing libraries
2026-09-11 14:12:02,330:INFO:Copying training dataset
2026-09-11 14:12:02,338:INFO:Defining folds
2026-09-11 14:12:02,339:INFO:Declaring metric variables
2026-09-11 14:12:02,339:INFO:Importing untrained model
2026-09-11 14:12:02,339:INFO:SVM - Linear Kernel Imported successfully
2026-09-11 14:12:02,339:INFO:Starting cross validation
2026-09-11 14:12:02,340:INFO:Cross validating with StratifiedKFold(n_splits=10, random_state=None, shuffle=False), n_jobs=-1
2026-09-11 14:12:02,514:WARNING:C:\Users\jenny\AppData\Local\Programs\Python\Python310\lib\site-packages\sklearn\metrics\_classification.py:1509: UndefinedMetricWarning: Precision is ill-defined and being set to 0.0 due to no predicted samples. Use `zero_division` parameter to control this behavior.
  _warn_prf(average, modifier, f"{metric.capitalize()} is", len(result))

2026-09-11 14:12:02,531:WARNING:C:\Users\jenny\AppData\Local\Programs\Python\Python310\lib\site-packages\sklearn\metrics\_classification.py:1509: UndefinedMetricWarning: Precision is ill-defined and being set to 0.0 due to no predicted samples. Use `zero_division` parameter to control this behavior.
  _warn_prf(average, modifier, f"{metric.capitalize()} is", len(result))

2026-09-11 14:12:02,727:INFO:Calculating mean and std
2026-09-11 14:12:02,727:INFO:Creating metrics dataframe
2026-09-11 14:12:02,730:INFO:Uploading results into container
2026-09-11 14:12:02,731:INFO:Uploading model into container now
2026-09-11 14:12:02,731:INFO:_master_model_container: 5
2026-09-11 14:12:02,731:INFO:_display_container: 2
2026-09-11 14:12:02,731:INFO:SGDClassifier(alpha=0.0001, average=False, class_weight=None,
              early_stopping=False, epsilon=0.1, eta0=0.001, fit_intercept=True,
              l1_ratio=0.15, learning_rate='optimal', loss='hinge',
              max_iter=1000, n_iter_no_change=5, n_jobs=-1, penalty='l2',
              power_t=0.5, random_state=7570, shuffle=True, tol=0.001,
              validation_fraction=0.1, verbose=0, warm_start=False)
2026-09-11 14:12:02,731:INFO:create_model() successfully completed......................................
2026-09-11 14:12:02,785:INFO:SubProcess create_model() end ==================================
2026-09-11 14:12:02,785:INFO:Creating metrics dataframe
2026-09-11 14:12:02,785:INFO:Initializing Ridge Classifier
2026-09-11 14:12:02,785:INFO:Total runtime is 0.10819474061330159 minutes
2026-09-11 14:12:02,785:INFO:SubProcess create_model() called ==================================
2026-09-11 14:12:02,785:INFO:Initializing create_model()
2026-09-11 14:12:02,785:INFO:create_model(self=<pycaret.classification.oop.ClassificationExperiment object at 0x000002927427DAE0>, estimator=ridge, fold=StratifiedKFold(n_splits=10, random_state=None, shuffle=False), round=4, cross_validation=True, predict=True, fit_kwargs={}, groups=None, refit=False, probability_threshold=None, experiment_custom_tags=None, verbose=False, system=False, add_to_model_list=True, metrics=None, display=<pycaret.internal.display.display.CommonDisplay object at 0x000002926CFD9750>, model_only=True, return_train_score=False, error_score=0.0, kwargs={})
2026-09-11 14:12:02,785:INFO:Checking exceptions
2026-09-11 14:12:02,785:INFO:Importing libraries
2026-09-11 14:12:02,785:INFO:Copying training dataset
2026-09-11 14:12:02,802:INFO:Defining folds
2026-09-11 14:12:02,802:INFO:Declaring metric variables
2026-09-11 14:12:02,804:INFO:Importing untrained model
2026-09-11 14:12:02,804:INFO:Ridge Classifier Imported successfully
2026-09-11 14:12:02,804:INFO:Starting cross validation
2026-09-11 14:12:02,804:INFO:Cross validating with StratifiedKFold(n_splits=10, random_state=None, shuffle=False), n_jobs=-1
2026-09-11 14:12:02,867:WARNING:C:\Users\jenny\AppData\Local\Programs\Python\Python310\lib\site-packages\sklearn\metrics\_classification.py:1509: UndefinedMetricWarning: Precision is ill-defined and being set to 0.0 due to no predicted samples. Use `zero_division` parameter to control this behavior.
  _warn_prf(average, modifier, f"{metric.capitalize()} is", len(result))

2026-09-11 14:12:02,877:WARNING:C:\Users\jenny\AppData\Local\Programs\Python\Python310\lib\site-packages\sklearn\metrics\_classification.py:1509: UndefinedMetricWarning: Precision is ill-defined and being set to 0.0 due to no predicted samples. Use `zero_division` parameter to control this behavior.
  _warn_prf(average, modifier, f"{metric.capitalize()} is", len(result))

2026-09-11 14:12:02,881:WARNING:C:\Users\jenny\AppData\Local\Programs\Python\Python310\lib\site-packages\sklearn\metrics\_classification.py:1509: UndefinedMetricWarning: Precision is ill-defined and being set to 0.0 due to no predicted samples. Use `zero_division` parameter to control this behavior.
  _warn_prf(average, modifier, f"{metric.capitalize()} is", len(result))

2026-09-11 14:12:02,881:WARNING:C:\Users\jenny\AppData\Local\Programs\Python\Python310\lib\site-packages\sklearn\metrics\_classification.py:1509: UndefinedMetricWarning: Precision is ill-defined and being set to 0.0 due to no predicted samples. Use `zero_division` parameter to control this behavior.
  _warn_prf(average, modifier, f"{metric.capitalize()} is", len(result))

2026-09-11 14:12:02,883:WARNING:C:\Users\jenny\AppData\Local\Programs\Python\Python310\lib\site-packages\sklearn\metrics\_classification.py:1509: UndefinedMetricWarning: Precision is ill-defined and being set to 0.0 due to no predicted samples. Use `zero_division` parameter to control this behavior.
  _warn_prf(average, modifier, f"{metric.capitalize()} is", len(result))

2026-09-11 14:12:02,883:WARNING:C:\Users\jenny\AppData\Local\Programs\Python\Python310\lib\site-packages\sklearn\metrics\_classification.py:1509: UndefinedMetricWarning: Precision is ill-defined and being set to 0.0 due to no predicted samples. Use `zero_division` parameter to control this behavior.
  _warn_prf(average, modifier, f"{metric.capitalize()} is", len(result))

2026-09-11 14:12:02,888:WARNING:C:\Users\jenny\AppData\Local\Programs\Python\Python310\lib\site-packages\sklearn\metrics\_classification.py:1509: UndefinedMetricWarning: Precision is ill-defined and being set to 0.0 due to no predicted samples. Use `zero_division` parameter to control this behavior.
  _warn_prf(average, modifier, f"{metric.capitalize()} is", len(result))

2026-09-11 14:12:02,897:INFO:Calculating mean and std
2026-09-11 14:12:02,897:INFO:Creating metrics dataframe
2026-09-11 14:12:02,899:INFO:Uploading results into container
2026-09-11 14:12:02,899:INFO:Uploading model into container now
2026-09-11 14:12:02,900:INFO:_master_model_container: 6
2026-09-11 14:12:02,900:INFO:_display_container: 2
2026-09-11 14:12:02,900:INFO:RidgeClassifier(alpha=1.0, class_weight=None, copy_X=True, fit_intercept=True,
                max_iter=None, positive=False, random_state=7570, solver='auto',
                tol=0.0001)
2026-09-11 14:12:02,900:INFO:create_model() successfully completed......................................
2026-09-11 14:12:02,951:INFO:SubProcess create_model() end ==================================
2026-09-11 14:12:02,951:INFO:Creating metrics dataframe
2026-09-11 14:12:02,951:INFO:Initializing Random Forest Classifier
2026-09-11 14:12:02,951:INFO:Total runtime is 0.11095891793568928 minutes
2026-09-11 14:12:02,951:INFO:SubProcess create_model() called ==================================
2026-09-11 14:12:02,951:INFO:Initializing create_model()
2026-09-11 14:12:02,951:INFO:create_model(self=<pycaret.classification.oop.ClassificationExperiment object at 0x000002927427DAE0>, estimator=rf, fold=StratifiedKFold(n_splits=10, random_state=None, shuffle=False), round=4, cross_validation=True, predict=True, fit_kwargs={}, groups=None, refit=False, probability_threshold=None, experiment_custom_tags=None, verbose=False, system=False, add_to_model_list=True, metrics=None, display=<pycaret.internal.display.display.CommonDisplay object at 0x000002926CFD9750>, model_only=True, return_train_score=False, error_score=0.0, kwargs={})
2026-09-11 14:12:02,951:INFO:Checking exceptions
2026-09-11 14:12:02,951:INFO:Importing libraries
2026-09-11 14:12:02,951:INFO:Copying training dataset
2026-09-11 14:12:02,968:INFO:Defining folds
2026-09-11 14:12:02,968:INFO:Declaring metric variables
2026-09-11 14:12:02,968:INFO:Importing untrained model
2026-09-11 14:12:02,968:INFO:Random Forest Classifier Imported successfully
2026-09-11 14:12:02,968:INFO:Starting cross validation
2026-09-11 14:12:02,968:INFO:Cross validating with StratifiedKFold(n_splits=10, random_state=None, shuffle=False), n_jobs=-1
2026-09-11 14:12:04,779:INFO:Calculating mean and std
2026-09-11 14:12:04,780:INFO:Creating metrics dataframe
2026-09-11 14:12:04,783:INFO:Uploading results into container
2026-09-11 14:12:04,783:INFO:Uploading model into container now
2026-09-11 14:12:04,784:INFO:_master_model_container: 7
2026-09-11 14:12:04,784:INFO:_display_container: 2
2026-09-11 14:12:04,784:INFO:RandomForestClassifier(bootstrap=True, ccp_alpha=0.0, class_weight=None,
                       criterion='gini', max_depth=None, max_features='sqrt',
                       max_leaf_nodes=None, max_samples=None,
                       min_impurity_decrease=0.0, min_samples_leaf=1,
                       min_samples_split=2, min_weight_fraction_leaf=0.0,
                       monotonic_cst=None, n_estimators=100, n_jobs=-1,
                       oob_score=False, random_state=7570, verbose=0,
                       warm_start=False)
2026-09-11 14:12:04,784:INFO:create_model() successfully completed......................................
2026-09-11 14:12:04,844:INFO:SubProcess create_model() end ==================================
2026-09-11 14:12:04,844:INFO:Creating metrics dataframe
2026-09-11 14:12:04,847:INFO:Initializing Quadratic Discriminant Analysis
2026-09-11 14:12:04,848:INFO:Total runtime is 0.14258680343627927 minutes
2026-09-11 14:12:04,848:INFO:SubProcess create_model() called ==================================
2026-09-11 14:12:04,848:INFO:Initializing create_model()
2026-09-11 14:12:04,848:INFO:create_model(self=<pycaret.classification.oop.ClassificationExperiment object at 0x000002927427DAE0>, estimator=qda, fold=StratifiedKFold(n_splits=10, random_state=None, shuffle=False), round=4, cross_validation=True, predict=True, fit_kwargs={}, groups=None, refit=False, probability_threshold=None, experiment_custom_tags=None, verbose=False, system=False, add_to_model_list=True, metrics=None, display=<pycaret.internal.display.display.CommonDisplay object at 0x000002926CFD9750>, model_only=True, return_train_score=False, error_score=0.0, kwargs={})
2026-09-11 14:12:04,848:INFO:Checking exceptions
2026-09-11 14:12:04,848:INFO:Importing libraries
2026-09-11 14:12:04,848:INFO:Copying training dataset
2026-09-11 14:12:04,861:INFO:Defining folds
2026-09-11 14:12:04,861:INFO:Declaring metric variables
2026-09-11 14:12:04,861:INFO:Importing untrained model
2026-09-11 14:12:04,861:INFO:Quadratic Discriminant Analysis Imported successfully
2026-09-11 14:12:04,861:INFO:Starting cross validation
2026-09-11 14:12:04,861:INFO:Cross validating with StratifiedKFold(n_splits=10, random_state=None, shuffle=False), n_jobs=-1
2026-09-11 14:12:04,916:WARNING:C:\Users\jenny\AppData\Local\Programs\Python\Python310\lib\site-packages\sklearn\discriminant_analysis.py:935: UserWarning: Variables are collinear
  warnings.warn("Variables are collinear")

2026-09-11 14:12:04,921:WARNING:C:\Users\jenny\AppData\Local\Programs\Python\Python310\lib\site-packages\sklearn\discriminant_analysis.py:935: UserWarning: Variables are collinear
  warnings.warn("Variables are collinear")

2026-09-11 14:12:04,927:WARNING:C:\Users\jenny\AppData\Local\Programs\Python\Python310\lib\site-packages\sklearn\discriminant_analysis.py:935: UserWarning: Variables are collinear
  warnings.warn("Variables are collinear")

2026-09-11 14:12:04,927:WARNING:C:\Users\jenny\AppData\Local\Programs\Python\Python310\lib\site-packages\sklearn\discriminant_analysis.py:935: UserWarning: Variables are collinear
  warnings.warn("Variables are collinear")

2026-09-11 14:12:04,931:WARNING:C:\Users\jenny\AppData\Local\Programs\Python\Python310\lib\site-packages\sklearn\discriminant_analysis.py:935: UserWarning: Variables are collinear
  warnings.warn("Variables are collinear")

2026-09-11 14:12:04,931:WARNING:C:\Users\jenny\AppData\Local\Programs\Python\Python310\lib\site-packages\sklearn\discriminant_analysis.py:935: UserWarning: Variables are collinear
  warnings.warn("Variables are collinear")

2026-09-11 14:12:04,933:WARNING:C:\Users\jenny\AppData\Local\Programs\Python\Python310\lib\site-packages\sklearn\discriminant_analysis.py:935: UserWarning: Variables are collinear
  warnings.warn("Variables are collinear")

2026-09-11 14:12:04,934:WARNING:C:\Users\jenny\AppData\Local\Programs\Python\Python310\lib\site-packages\sklearn\discriminant_analysis.py:935: UserWarning: Variables are collinear
  warnings.warn("Variables are collinear")

2026-09-11 14:12:04,936:WARNING:C:\Users\jenny\AppData\Local\Programs\Python\Python310\lib\site-packages\sklearn\discriminant_analysis.py:935: UserWarning: Variables are collinear
  warnings.warn("Variables are collinear")

2026-09-11 14:12:04,939:WARNING:C:\Users\jenny\AppData\Local\Programs\Python\Python310\lib\site-packages\sklearn\discriminant_analysis.py:935: UserWarning: Variables are collinear
  warnings.warn("Variables are collinear")

2026-09-11 14:12:04,978:INFO:Calculating mean and std
2026-09-11 14:12:04,978:INFO:Creating metrics dataframe
2026-09-11 14:12:04,981:INFO:Uploading results into container
2026-09-11 14:12:04,981:INFO:Uploading model into container now
2026-09-11 14:12:04,981:INFO:_master_model_container: 8
2026-09-11 14:12:04,981:INFO:_display_container: 2
2026-09-11 14:12:04,981:INFO:QuadraticDiscriminantAnalysis(priors=None, reg_param=0.0,
                              store_covariance=False, tol=0.0001)
2026-09-11 14:12:04,981:INFO:create_model() successfully completed......................................
2026-09-11 14:12:05,036:INFO:SubProcess create_model() end ==================================
2026-09-11 14:12:05,036:INFO:Creating metrics dataframe
2026-09-11 14:12:05,045:INFO:Initializing Ada Boost Classifier
2026-09-11 14:12:05,045:INFO:Total runtime is 0.14586350123087563 minutes
2026-09-11 14:12:05,045:INFO:SubProcess create_model() called ==================================
2026-09-11 14:12:05,045:INFO:Initializing create_model()
2026-09-11 14:12:05,045:INFO:create_model(self=<pycaret.classification.oop.ClassificationExperiment object at 0x000002927427DAE0>, estimator=ada, fold=StratifiedKFold(n_splits=10, random_state=None, shuffle=False), round=4, cross_validation=True, predict=True, fit_kwargs={}, groups=None, refit=False, probability_threshold=None, experiment_custom_tags=None, verbose=False, system=False, add_to_model_list=True, metrics=None, display=<pycaret.internal.display.display.CommonDisplay object at 0x000002926CFD9750>, model_only=True, return_train_score=False, error_score=0.0, kwargs={})
2026-09-11 14:12:05,045:INFO:Checking exceptions
2026-09-11 14:12:05,046:INFO:Importing libraries
2026-09-11 14:12:05,046:INFO:Copying training dataset
2026-09-11 14:12:05,060:INFO:Defining folds
2026-09-11 14:12:05,060:INFO:Declaring metric variables
2026-09-11 14:12:05,060:INFO:Importing untrained model
2026-09-11 14:12:05,060:INFO:Ada Boost Classifier Imported successfully
2026-09-11 14:12:05,061:INFO:Starting cross validation
2026-09-11 14:12:05,061:INFO:Cross validating with StratifiedKFold(n_splits=10, random_state=None, shuffle=False), n_jobs=-1
2026-09-11 14:12:05,106:WARNING:C:\Users\jenny\AppData\Local\Programs\Python\Python310\lib\site-packages\sklearn\ensemble\_weight_boosting.py:519: FutureWarning: The SAMME.R algorithm (the default) is deprecated and will be removed in 1.6. Use the SAMME algorithm to circumvent this warning.
  warnings.warn(

2026-09-11 14:12:05,108:WARNING:C:\Users\jenny\AppData\Local\Programs\Python\Python310\lib\site-packages\sklearn\ensemble\_weight_boosting.py:519: FutureWarning: The SAMME.R algorithm (the default) is deprecated and will be removed in 1.6. Use the SAMME algorithm to circumvent this warning.
  warnings.warn(

2026-09-11 14:12:05,109:WARNING:C:\Users\jenny\AppData\Local\Programs\Python\Python310\lib\site-packages\sklearn\ensemble\_weight_boosting.py:519: FutureWarning: The SAMME.R algorithm (the default) is deprecated and will be removed in 1.6. Use the SAMME algorithm to circumvent this warning.
  warnings.warn(

2026-09-11 14:12:05,111:WARNING:C:\Users\jenny\AppData\Local\Programs\Python\Python310\lib\site-packages\sklearn\ensemble\_weight_boosting.py:519: FutureWarning: The SAMME.R algorithm (the default) is deprecated and will be removed in 1.6. Use the SAMME algorithm to circumvent this warning.
  warnings.warn(

2026-09-11 14:12:05,113:WARNING:C:\Users\jenny\AppData\Local\Programs\Python\Python310\lib\site-packages\sklearn\ensemble\_weight_boosting.py:519: FutureWarning: The SAMME.R algorithm (the default) is deprecated and will be removed in 1.6. Use the SAMME algorithm to circumvent this warning.
  warnings.warn(

2026-09-11 14:12:05,116:WARNING:C:\Users\jenny\AppData\Local\Programs\Python\Python310\lib\site-packages\sklearn\ensemble\_weight_boosting.py:519: FutureWarning: The SAMME.R algorithm (the default) is deprecated and will be removed in 1.6. Use the SAMME algorithm to circumvent this warning.
  warnings.warn(

2026-09-11 14:12:05,117:WARNING:C:\Users\jenny\AppData\Local\Programs\Python\Python310\lib\site-packages\sklearn\ensemble\_weight_boosting.py:519: FutureWarning: The SAMME.R algorithm (the default) is deprecated and will be removed in 1.6. Use the SAMME algorithm to circumvent this warning.
  warnings.warn(

2026-09-11 14:12:05,119:WARNING:C:\Users\jenny\AppData\Local\Programs\Python\Python310\lib\site-packages\sklearn\ensemble\_weight_boosting.py:519: FutureWarning: The SAMME.R algorithm (the default) is deprecated and will be removed in 1.6. Use the SAMME algorithm to circumvent this warning.
  warnings.warn(

2026-09-11 14:12:05,123:WARNING:C:\Users\jenny\AppData\Local\Programs\Python\Python310\lib\site-packages\sklearn\ensemble\_weight_boosting.py:519: FutureWarning: The SAMME.R algorithm (the default) is deprecated and will be removed in 1.6. Use the SAMME algorithm to circumvent this warning.
  warnings.warn(

2026-09-11 14:12:05,124:WARNING:C:\Users\jenny\AppData\Local\Programs\Python\Python310\lib\site-packages\sklearn\ensemble\_weight_boosting.py:519: FutureWarning: The SAMME.R algorithm (the default) is deprecated and will be removed in 1.6. Use the SAMME algorithm to circumvent this warning.
  warnings.warn(

2026-09-11 14:12:05,790:INFO:Calculating mean and std
2026-09-11 14:12:05,790:INFO:Creating metrics dataframe
2026-09-11 14:12:05,792:INFO:Uploading results into container
2026-09-11 14:12:05,794:INFO:Uploading model into container now
2026-09-11 14:12:05,794:INFO:_master_model_container: 9
2026-09-11 14:12:05,794:INFO:_display_container: 2
2026-09-11 14:12:05,794:INFO:AdaBoostClassifier(algorithm='SAMME.R', estimator=None, learning_rate=1.0,
                   n_estimators=50, random_state=7570)
2026-09-11 14:12:05,794:INFO:create_model() successfully completed......................................
2026-09-11 14:12:05,857:INFO:SubProcess create_model() end ==================================
2026-09-11 14:12:05,858:INFO:Creating metrics dataframe
2026-09-11 14:12:05,861:INFO:Initializing Gradient Boosting Classifier
2026-09-11 14:12:05,861:INFO:Total runtime is 0.15945597489674884 minutes
2026-09-11 14:12:05,861:INFO:SubProcess create_model() called ==================================
2026-09-11 14:12:05,861:INFO:Initializing create_model()
2026-09-11 14:12:05,861:INFO:create_model(self=<pycaret.classification.oop.ClassificationExperiment object at 0x000002927427DAE0>, estimator=gbc, fold=StratifiedKFold(n_splits=10, random_state=None, shuffle=False), round=4, cross_validation=True, predict=True, fit_kwargs={}, groups=None, refit=False, probability_threshold=None, experiment_custom_tags=None, verbose=False, system=False, add_to_model_list=True, metrics=None, display=<pycaret.internal.display.display.CommonDisplay object at 0x000002926CFD9750>, model_only=True, return_train_score=False, error_score=0.0, kwargs={})
2026-09-11 14:12:05,862:INFO:Checking exceptions
2026-09-11 14:12:05,862:INFO:Importing libraries
2026-09-11 14:12:05,862:INFO:Copying training dataset
2026-09-11 14:12:05,870:INFO:Defining folds
2026-09-11 14:12:05,870:INFO:Declaring metric variables
2026-09-11 14:12:05,870:INFO:Importing untrained model
2026-09-11 14:12:05,870:INFO:Gradient Boosting Classifier Imported successfully
2026-09-11 14:12:05,870:INFO:Starting cross validation
2026-09-11 14:12:05,870:INFO:Cross validating with StratifiedKFold(n_splits=10, random_state=None, shuffle=False), n_jobs=-1
2026-09-11 14:12:10,946:INFO:Calculating mean and std
2026-09-11 14:12:10,947:INFO:Creating metrics dataframe
2026-09-11 14:12:10,951:INFO:Uploading results into container
2026-09-11 14:12:10,951:INFO:Uploading model into container now
2026-09-11 14:12:10,951:INFO:_master_model_container: 10
2026-09-11 14:12:10,951:INFO:_display_container: 2
2026-09-11 14:12:10,953:INFO:GradientBoostingClassifier(ccp_alpha=0.0, criterion='friedman_mse', init=None,
                           learning_rate=0.1, loss='log_loss', max_depth=3,
                           max_features=None, max_leaf_nodes=None,
                           min_impurity_decrease=0.0, min_samples_leaf=1,
                           min_samples_split=2, min_weight_fraction_leaf=0.0,
                           n_estimators=100, n_iter_no_change=None,
                           random_state=7570, subsample=1.0, tol=0.0001,
                           validation_fraction=0.1, verbose=0,
                           warm_start=False)
2026-09-11 14:12:10,953:INFO:create_model() successfully completed......................................
2026-09-11 14:12:11,028:INFO:SubProcess create_model() end ==================================
2026-09-11 14:12:11,028:INFO:Creating metrics dataframe
2026-09-11 14:12:11,032:INFO:Initializing Linear Discriminant Analysis
2026-09-11 14:12:11,032:INFO:Total runtime is 0.24564825296401976 minutes
2026-09-11 14:12:11,032:INFO:SubProcess create_model() called ==================================
2026-09-11 14:12:11,033:INFO:Initializing create_model()
2026-09-11 14:12:11,033:INFO:create_model(self=<pycaret.classification.oop.ClassificationExperiment object at 0x000002927427DAE0>, estimator=lda, fold=StratifiedKFold(n_splits=10, random_state=None, shuffle=False), round=4, cross_validation=True, predict=True, fit_kwargs={}, groups=None, refit=False, probability_threshold=None, experiment_custom_tags=None, verbose=False, system=False, add_to_model_list=True, metrics=None, display=<pycaret.internal.display.display.CommonDisplay object at 0x000002926CFD9750>, model_only=True, return_train_score=False, error_score=0.0, kwargs={})
2026-09-11 14:12:11,033:INFO:Checking exceptions
2026-09-11 14:12:11,033:INFO:Importing libraries
2026-09-11 14:12:11,033:INFO:Copying training dataset
2026-09-11 14:12:11,034:INFO:Defining folds
2026-09-11 14:12:11,034:INFO:Declaring metric variables
2026-09-11 14:12:11,034:INFO:Importing untrained model
2026-09-11 14:12:11,034:INFO:Linear Discriminant Analysis Imported successfully
2026-09-11 14:12:11,034:INFO:Starting cross validation
2026-09-11 14:12:11,050:INFO:Cross validating with StratifiedKFold(n_splits=10, random_state=None, shuffle=False), n_jobs=-1
2026-09-11 14:12:11,209:WARNING:C:\Users\jenny\AppData\Local\Programs\Python\Python310\lib\site-packages\sklearn\metrics\_classification.py:1509: UndefinedMetricWarning: Precision is ill-defined and being set to 0.0 due to no predicted samples. Use `zero_division` parameter to control this behavior.
  _warn_prf(average, modifier, f"{metric.capitalize()} is", len(result))

2026-09-11 14:12:11,219:WARNING:C:\Users\jenny\AppData\Local\Programs\Python\Python310\lib\site-packages\sklearn\metrics\_classification.py:1509: UndefinedMetricWarning: Precision is ill-defined and being set to 0.0 due to no predicted samples. Use `zero_division` parameter to control this behavior.
  _warn_prf(average, modifier, f"{metric.capitalize()} is", len(result))

2026-09-11 14:12:11,258:WARNING:C:\Users\jenny\AppData\Local\Programs\Python\Python310\lib\site-packages\sklearn\metrics\_classification.py:1509: UndefinedMetricWarning: Precision is ill-defined and being set to 0.0 due to no predicted samples. Use `zero_division` parameter to control this behavior.
  _warn_prf(average, modifier, f"{metric.capitalize()} is", len(result))

2026-09-11 14:12:11,270:WARNING:C:\Users\jenny\AppData\Local\Programs\Python\Python310\lib\site-packages\sklearn\metrics\_classification.py:1509: UndefinedMetricWarning: Precision is ill-defined and being set to 0.0 due to no predicted samples. Use `zero_division` parameter to control this behavior.
  _warn_prf(average, modifier, f"{metric.capitalize()} is", len(result))

2026-09-11 14:12:11,277:WARNING:C:\Users\jenny\AppData\Local\Programs\Python\Python310\lib\site-packages\sklearn\metrics\_classification.py:1509: UndefinedMetricWarning: Precision is ill-defined and being set to 0.0 due to no predicted samples. Use `zero_division` parameter to control this behavior.
  _warn_prf(average, modifier, f"{metric.capitalize()} is", len(result))

2026-09-11 14:12:11,286:INFO:Calculating mean and std
2026-09-11 14:12:11,286:INFO:Creating metrics dataframe
2026-09-11 14:12:11,290:INFO:Uploading results into container
2026-09-11 14:12:11,291:INFO:Uploading model into container now
2026-09-11 14:12:11,291:INFO:_master_model_container: 11
2026-09-11 14:12:11,291:INFO:_display_container: 2
2026-09-11 14:12:11,292:INFO:LinearDiscriminantAnalysis(covariance_estimator=None, n_components=None,
                           priors=None, shrinkage=None, solver='svd',
                           store_covariance=False, tol=0.0001)
2026-09-11 14:12:11,292:INFO:create_model() successfully completed......................................
2026-09-11 14:12:11,366:INFO:SubProcess create_model() end ==================================
2026-09-11 14:12:11,366:INFO:Creating metrics dataframe
2026-09-11 14:12:11,368:INFO:Initializing Extra Trees Classifier
2026-09-11 14:12:11,368:INFO:Total runtime is 0.25124919017155967 minutes
2026-09-11 14:12:11,368:INFO:SubProcess create_model() called ==================================
2026-09-11 14:12:11,368:INFO:Initializing create_model()
2026-09-11 14:12:11,368:INFO:create_model(self=<pycaret.classification.oop.ClassificationExperiment object at 0x000002927427DAE0>, estimator=et, fold=StratifiedKFold(n_splits=10, random_state=None, shuffle=False), round=4, cross_validation=True, predict=True, fit_kwargs={}, groups=None, refit=False, probability_threshold=None, experiment_custom_tags=None, verbose=False, system=False, add_to_model_list=True, metrics=None, display=<pycaret.internal.display.display.CommonDisplay object at 0x000002926CFD9750>, model_only=True, return_train_score=False, error_score=0.0, kwargs={})
2026-09-11 14:12:11,368:INFO:Checking exceptions
2026-09-11 14:12:11,368:INFO:Importing libraries
2026-09-11 14:12:11,368:INFO:Copying training dataset
2026-09-11 14:12:11,387:INFO:Defining folds
2026-09-11 14:12:11,387:INFO:Declaring metric variables
2026-09-11 14:12:11,388:INFO:Importing untrained model
2026-09-11 14:12:11,388:INFO:Extra Trees Classifier Imported successfully
2026-09-11 14:12:11,388:INFO:Starting cross validation
2026-09-11 14:12:11,389:INFO:Cross validating with StratifiedKFold(n_splits=10, random_state=None, shuffle=False), n_jobs=-1
2026-09-11 14:12:17,209:INFO:Calculating mean and std
2026-09-11 14:12:17,209:INFO:Creating metrics dataframe
2026-09-11 14:12:17,213:INFO:Uploading results into container
2026-09-11 14:12:17,213:INFO:Uploading model into container now
2026-09-11 14:12:17,213:INFO:_master_model_container: 12
2026-09-11 14:12:17,213:INFO:_display_container: 2
2026-09-11 14:12:17,213:INFO:ExtraTreesClassifier(bootstrap=False, ccp_alpha=0.0, class_weight=None,
                     criterion='gini', max_depth=None, max_features='sqrt',
                     max_leaf_nodes=None, max_samples=None,
                     min_impurity_decrease=0.0, min_samples_leaf=1,
                     min_samples_split=2, min_weight_fraction_leaf=0.0,
                     monotonic_cst=None, n_estimators=100, n_jobs=-1,
                     oob_score=False, random_state=7570, verbose=0,
                     warm_start=False)
2026-09-11 14:12:17,213:INFO:create_model() successfully completed......................................
2026-09-11 14:12:17,283:INFO:SubProcess create_model() end ==================================
2026-09-11 14:12:17,283:INFO:Creating metrics dataframe
2026-09-11 14:12:17,286:INFO:Initializing Light Gradient Boosting Machine
2026-09-11 14:12:17,286:INFO:Total runtime is 0.349872628847758 minutes
2026-09-11 14:12:17,286:INFO:SubProcess create_model() called ==================================
2026-09-11 14:12:17,286:INFO:Initializing create_model()
2026-09-11 14:12:17,286:INFO:create_model(self=<pycaret.classification.oop.ClassificationExperiment object at 0x000002927427DAE0>, estimator=lightgbm, fold=StratifiedKFold(n_splits=10, random_state=None, shuffle=False), round=4, cross_validation=True, predict=True, fit_kwargs={}, groups=None, refit=False, probability_threshold=None, experiment_custom_tags=None, verbose=False, system=False, add_to_model_list=True, metrics=None, display=<pycaret.internal.display.display.CommonDisplay object at 0x000002926CFD9750>, model_only=True, return_train_score=False, error_score=0.0, kwargs={})
2026-09-11 14:12:17,286:INFO:Checking exceptions
2026-09-11 14:12:17,286:INFO:Importing libraries
2026-09-11 14:12:17,286:INFO:Copying training dataset
2026-09-11 14:12:17,298:INFO:Defining folds
2026-09-11 14:12:17,298:INFO:Declaring metric variables
2026-09-11 14:12:17,298:INFO:Importing untrained model
2026-09-11 14:12:17,301:INFO:Light Gradient Boosting Machine Imported successfully
2026-09-11 14:12:17,301:INFO:Starting cross validation
2026-09-11 14:12:17,302:INFO:Cross validating with StratifiedKFold(n_splits=10, random_state=None, shuffle=False), n_jobs=-1
2026-09-11 14:12:17,581:WARNING:create_model() for lightgbm raised an exception or returned all 0.0, trying without fit_kwargs:
2026-09-11 14:12:17,583:WARNING:Traceback (most recent call last):
  File "C:\Users\jenny\AppData\Local\Programs\Python\Python310\lib\site-packages\pycaret\internal\pycaret_experiment\supervised_experiment.py", line 794, in compare_models
    model, model_fit_time = self._create_model(**create_model_args)
  File "C:\Users\jenny\AppData\Local\Programs\Python\Python310\lib\site-packages\pycaret\internal\pycaret_experiment\supervised_experiment.py", line 1533, in _create_model
    model, model_fit_time, model_results, _ = self._create_model_with_cv(
  File "C:\Users\jenny\AppData\Local\Programs\Python\Python310\lib\site-packages\pycaret\internal\pycaret_experiment\supervised_experiment.py", line 1126, in _create_model_with_cv
    scores = cross_validate(
  File "C:\Users\jenny\AppData\Local\Programs\Python\Python310\lib\site-packages\sklearn\utils\_param_validation.py", line 213, in wrapper
    return func(*args, **kwargs)
  File "C:\Users\jenny\AppData\Local\Programs\Python\Python310\lib\site-packages\sklearn\model_selection\_validation.py", line 450, in cross_validate
    _warn_or_raise_about_fit_failures(results, error_score)
  File "C:\Users\jenny\AppData\Local\Programs\Python\Python310\lib\site-packages\sklearn\model_selection\_validation.py", line 536, in _warn_or_raise_about_fit_failures
    raise ValueError(all_fits_failed_message)
ValueError: 
All the 10 fits failed.
It is very likely that your model is misconfigured.
You can try to debug the error by setting error_score='raise'.

Below are more details about the failures:
--------------------------------------------------------------------------------
10 fits failed with the following error:
Traceback (most recent call last):
  File "C:\Users\jenny\AppData\Local\Programs\Python\Python310\lib\site-packages\sklearn\model_selection\_validation.py", line 895, in _fit_and_score
    estimator.fit(X_train, y_train, **fit_params)
  File "C:\Users\jenny\AppData\Local\Programs\Python\Python310\lib\site-packages\pycaret\internal\pipeline.py", line 278, in fit
    fitted_estimator = self._memory_fit(
  File "C:\Users\jenny\AppData\Local\Programs\Python\Python310\lib\site-packages\joblib\memory.py", line 353, in __call__
    return self.func(*args, **kwargs)
  File "C:\Users\jenny\AppData\Local\Programs\Python\Python310\lib\site-packages\pycaret\internal\pipeline.py", line 69, in _fit_one
    transformer.fit(*args)
  File "C:\Users\jenny\AppData\Local\Programs\Python\Python310\lib\site-packages\lightgbm\sklearn.py", line 1704, in fit
    super().fit(
  File "C:\Users\jenny\AppData\Local\Programs\Python\Python310\lib\site-packages\lightgbm\sklearn.py", line 1171, in fit
    self._Booster = train(
  File "C:\Users\jenny\AppData\Local\Programs\Python\Python310\lib\site-packages\lightgbm\engine.py", line 296, in train
    booster = Booster(params=params, train_set=train_set)
  File "C:\Users\jenny\AppData\Local\Programs\Python\Python310\lib\site-packages\lightgbm\basic.py", line 3758, in __init__
    train_set.construct()
  File "C:\Users\jenny\AppData\Local\Programs\Python\Python310\lib\site-packages\lightgbm\basic.py", line 2574, in construct
    self._lazy_init(
  File "C:\Users\jenny\AppData\Local\Programs\Python\Python310\lib\site-packages\lightgbm\basic.py", line 2189, in _lazy_init
    self.set_label(label)
  File "C:\Users\jenny\AppData\Local\Programs\Python\Python310\lib\site-packages\lightgbm\basic.py", line 3097, in set_label
    self.set_field("label", label_array)
  File "C:\Users\jenny\AppData\Local\Programs\Python\Python310\lib\site-packages\lightgbm\basic.py", line 2860, in set_field
    _LIB.LGBM_DatasetSetField(
OSError: exception: access violation reading 0x0000000000000000


2026-09-11 14:12:17,584:INFO:Initializing create_model()
2026-09-11 14:12:17,584:INFO:create_model(self=<pycaret.classification.oop.ClassificationExperiment object at 0x000002927427DAE0>, estimator=lightgbm, fold=StratifiedKFold(n_splits=10, random_state=None, shuffle=False), round=4, cross_validation=True, predict=True, fit_kwargs={}, groups=None, refit=False, probability_threshold=None, experiment_custom_tags=None, verbose=False, system=False, add_to_model_list=True, metrics=None, display=<pycaret.internal.display.display.CommonDisplay object at 0x000002926CFD9750>, model_only=True, return_train_score=False, error_score=0.0, kwargs={})
2026-09-11 14:12:17,584:INFO:Checking exceptions
2026-09-11 14:12:17,584:INFO:Importing libraries
2026-09-11 14:12:17,584:INFO:Copying training dataset
2026-09-11 14:12:17,597:INFO:Defining folds
2026-09-11 14:12:17,597:INFO:Declaring metric variables
2026-09-11 14:12:17,597:INFO:Importing untrained model
2026-09-11 14:12:17,597:INFO:Light Gradient Boosting Machine Imported successfully
2026-09-11 14:12:17,597:INFO:Starting cross validation
2026-09-11 14:12:17,599:INFO:Cross validating with StratifiedKFold(n_splits=10, random_state=None, shuffle=False), n_jobs=-1
2026-09-11 14:12:17,832:ERROR:create_model() for lightgbm raised an exception or returned all 0.0:
2026-09-11 14:12:17,832:ERROR:Traceback (most recent call last):
  File "C:\Users\jenny\AppData\Local\Programs\Python\Python310\lib\site-packages\pycaret\internal\pycaret_experiment\supervised_experiment.py", line 794, in compare_models
    model, model_fit_time = self._create_model(**create_model_args)
  File "C:\Users\jenny\AppData\Local\Programs\Python\Python310\lib\site-packages\pycaret\internal\pycaret_experiment\supervised_experiment.py", line 1533, in _create_model
    model, model_fit_time, model_results, _ = self._create_model_with_cv(
  File "C:\Users\jenny\AppData\Local\Programs\Python\Python310\lib\site-packages\pycaret\internal\pycaret_experiment\supervised_experiment.py", line 1126, in _create_model_with_cv
    scores = cross_validate(
  File "C:\Users\jenny\AppData\Local\Programs\Python\Python310\lib\site-packages\sklearn\utils\_param_validation.py", line 213, in wrapper
    return func(*args, **kwargs)
  File "C:\Users\jenny\AppData\Local\Programs\Python\Python310\lib\site-packages\sklearn\model_selection\_validation.py", line 450, in cross_validate
    _warn_or_raise_about_fit_failures(results, error_score)
  File "C:\Users\jenny\AppData\Local\Programs\Python\Python310\lib\site-packages\sklearn\model_selection\_validation.py", line 536, in _warn_or_raise_about_fit_failures
    raise ValueError(all_fits_failed_message)
ValueError: 
All the 10 fits failed.
It is very likely that your model is misconfigured.
You can try to debug the error by setting error_score='raise'.

Below are more details about the failures:
--------------------------------------------------------------------------------
10 fits failed with the following error:
Traceback (most recent call last):
  File "C:\Users\jenny\AppData\Local\Programs\Python\Python310\lib\site-packages\sklearn\model_selection\_validation.py", line 895, in _fit_and_score
    estimator.fit(X_train, y_train, **fit_params)
  File "C:\Users\jenny\AppData\Local\Programs\Python\Python310\lib\site-packages\pycaret\internal\pipeline.py", line 278, in fit
    fitted_estimator = self._memory_fit(
  File "C:\Users\jenny\AppData\Local\Programs\Python\Python310\lib\site-packages\joblib\memory.py", line 353, in __call__
    return self.func(*args, **kwargs)
  File "C:\Users\jenny\AppData\Local\Programs\Python\Python310\lib\site-packages\pycaret\internal\pipeline.py", line 69, in _fit_one
    transformer.fit(*args)
  File "C:\Users\jenny\AppData\Local\Programs\Python\Python310\lib\site-packages\lightgbm\sklearn.py", line 1704, in fit
    super().fit(
  File "C:\Users\jenny\AppData\Local\Programs\Python\Python310\lib\site-packages\lightgbm\sklearn.py", line 1171, in fit
    self._Booster = train(
  File "C:\Users\jenny\AppData\Local\Programs\Python\Python310\lib\site-packages\lightgbm\engine.py", line 296, in train
    booster = Booster(params=params, train_set=train_set)
  File "C:\Users\jenny\AppData\Local\Programs\Python\Python310\lib\site-packages\lightgbm\basic.py", line 3758, in __init__
    train_set.construct()
  File "C:\Users\jenny\AppData\Local\Programs\Python\Python310\lib\site-packages\lightgbm\basic.py", line 2574, in construct
    self._lazy_init(
  File "C:\Users\jenny\AppData\Local\Programs\Python\Python310\lib\site-packages\lightgbm\basic.py", line 2189, in _lazy_init
    self.set_label(label)
  File "C:\Users\jenny\AppData\Local\Programs\Python\Python310\lib\site-packages\lightgbm\basic.py", line 3097, in set_label
    self.set_field("label", label_array)
  File "C:\Users\jenny\AppData\Local\Programs\Python\Python310\lib\site-packages\lightgbm\basic.py", line 2860, in set_field
    _LIB.LGBM_DatasetSetField(
OSError: exception: access violation reading 0x0000000000000000


During handling of the above exception, another exception occurred:

Traceback (most recent call last):
  File "C:\Users\jenny\AppData\Local\Programs\Python\Python310\lib\site-packages\pycaret\internal\pycaret_experiment\supervised_experiment.py", line 815, in compare_models
    model, model_fit_time = self._create_model(**create_model_args)
  File "C:\Users\jenny\AppData\Local\Programs\Python\Python310\lib\site-packages\pycaret\internal\pycaret_experiment\supervised_experiment.py", line 1533, in _create_model
    model, model_fit_time, model_results, _ = self._create_model_with_cv(
  File "C:\Users\jenny\AppData\Local\Programs\Python\Python310\lib\site-packages\pycaret\internal\pycaret_experiment\supervised_experiment.py", line 1126, in _create_model_with_cv
    scores = cross_validate(
  File "C:\Users\jenny\AppData\Local\Programs\Python\Python310\lib\site-packages\sklearn\utils\_param_validation.py", line 213, in wrapper
    return func(*args, **kwargs)
  File "C:\Users\jenny\AppData\Local\Programs\Python\Python310\lib\site-packages\sklearn\model_selection\_validation.py", line 450, in cross_validate
    _warn_or_raise_about_fit_failures(results, error_score)
  File "C:\Users\jenny\AppData\Local\Programs\Python\Python310\lib\site-packages\sklearn\model_selection\_validation.py", line 536, in _warn_or_raise_about_fit_failures
    raise ValueError(all_fits_failed_message)
ValueError: 
All the 10 fits failed.
It is very likely that your model is misconfigured.
You can try to debug the error by setting error_score='raise'.

Below are more details about the failures:
--------------------------------------------------------------------------------
10 fits failed with the following error:
Traceback (most recent call last):
  File "C:\Users\jenny\AppData\Local\Programs\Python\Python310\lib\site-packages\sklearn\model_selection\_validation.py", line 895, in _fit_and_score
    estimator.fit(X_train, y_train, **fit_params)
  File "C:\Users\jenny\AppData\Local\Programs\Python\Python310\lib\site-packages\pycaret\internal\pipeline.py", line 278, in fit
    fitted_estimator = self._memory_fit(
  File "C:\Users\jenny\AppData\Local\Programs\Python\Python310\lib\site-packages\joblib\memory.py", line 353, in __call__
    return self.func(*args, **kwargs)
  File "C:\Users\jenny\AppData\Local\Programs\Python\Python310\lib\site-packages\pycaret\internal\pipeline.py", line 69, in _fit_one
    transformer.fit(*args)
  File "C:\Users\jenny\AppData\Local\Programs\Python\Python310\lib\site-packages\lightgbm\sklearn.py", line 1704, in fit
    super().fit(
  File "C:\Users\jenny\AppData\Local\Programs\Python\Python310\lib\site-packages\lightgbm\sklearn.py", line 1171, in fit
    self._Booster = train(
  File "C:\Users\jenny\AppData\Local\Programs\Python\Python310\lib\site-packages\lightgbm\engine.py", line 296, in train
    booster = Booster(params=params, train_set=train_set)
  File "C:\Users\jenny\AppData\Local\Programs\Python\Python310\lib\site-packages\lightgbm\basic.py", line 3758, in __init__
    train_set.construct()
  File "C:\Users\jenny\AppData\Local\Programs\Python\Python310\lib\site-packages\lightgbm\basic.py", line 2574, in construct
    self._lazy_init(
  File "C:\Users\jenny\AppData\Local\Programs\Python\Python310\lib\site-packages\lightgbm\basic.py", line 2189, in _lazy_init
    self.set_label(label)
  File "C:\Users\jenny\AppData\Local\Programs\Python\Python310\lib\site-packages\lightgbm\basic.py", line 3097, in set_label
    self.set_field("label", label_array)
  File "C:\Users\jenny\AppData\Local\Programs\Python\Python310\lib\site-packages\lightgbm\basic.py", line 2860, in set_field
    _LIB.LGBM_DatasetSetField(
OSError: exception: access violation reading 0x0000000000000000


2026-09-11 14:12:17,832:INFO:Initializing Dummy Classifier
2026-09-11 14:12:17,832:INFO:Total runtime is 0.3589741627375285 minutes
2026-09-11 14:12:17,832:INFO:SubProcess create_model() called ==================================
2026-09-11 14:12:17,834:INFO:Initializing create_model()
2026-09-11 14:12:17,834:INFO:create_model(self=<pycaret.classification.oop.ClassificationExperiment object at 0x000002927427DAE0>, estimator=dummy, fold=StratifiedKFold(n_splits=10, random_state=None, shuffle=False), round=4, cross_validation=True, predict=True, fit_kwargs={}, groups=None, refit=False, probability_threshold=None, experiment_custom_tags=None, verbose=False, system=False, add_to_model_list=True, metrics=None, display=<pycaret.internal.display.display.CommonDisplay object at 0x000002926CFD9750>, model_only=True, return_train_score=False, error_score=0.0, kwargs={})
2026-09-11 14:12:17,834:INFO:Checking exceptions
2026-09-11 14:12:17,834:INFO:Importing libraries
2026-09-11 14:12:17,834:INFO:Copying training dataset
2026-09-11 14:12:17,846:INFO:Defining folds
2026-09-11 14:12:17,846:INFO:Declaring metric variables
2026-09-11 14:12:17,847:INFO:Importing untrained model
2026-09-11 14:12:17,847:INFO:Dummy Classifier Imported successfully
2026-09-11 14:12:17,847:INFO:Starting cross validation
2026-09-11 14:12:17,847:INFO:Cross validating with StratifiedKFold(n_splits=10, random_state=None, shuffle=False), n_jobs=-1
2026-09-11 14:12:17,907:WARNING:C:\Users\jenny\AppData\Local\Programs\Python\Python310\lib\site-packages\sklearn\metrics\_classification.py:1509: UndefinedMetricWarning: Precision is ill-defined and being set to 0.0 due to no predicted samples. Use `zero_division` parameter to control this behavior.
  _warn_prf(average, modifier, f"{metric.capitalize()} is", len(result))

2026-09-11 14:12:17,909:WARNING:C:\Users\jenny\AppData\Local\Programs\Python\Python310\lib\site-packages\sklearn\metrics\_classification.py:1509: UndefinedMetricWarning: Precision is ill-defined and being set to 0.0 due to no predicted samples. Use `zero_division` parameter to control this behavior.
  _warn_prf(average, modifier, f"{metric.capitalize()} is", len(result))

2026-09-11 14:12:17,911:WARNING:C:\Users\jenny\AppData\Local\Programs\Python\Python310\lib\site-packages\sklearn\metrics\_classification.py:1509: UndefinedMetricWarning: Precision is ill-defined and being set to 0.0 due to no predicted samples. Use `zero_division` parameter to control this behavior.
  _warn_prf(average, modifier, f"{metric.capitalize()} is", len(result))

2026-09-11 14:12:17,965:WARNING:C:\Users\jenny\AppData\Local\Programs\Python\Python310\lib\site-packages\sklearn\metrics\_classification.py:1509: UndefinedMetricWarning: Precision is ill-defined and being set to 0.0 due to no predicted samples. Use `zero_division` parameter to control this behavior.
  _warn_prf(average, modifier, f"{metric.capitalize()} is", len(result))

2026-09-11 14:12:17,965:WARNING:C:\Users\jenny\AppData\Local\Programs\Python\Python310\lib\site-packages\sklearn\metrics\_classification.py:1509: UndefinedMetricWarning: Precision is ill-defined and being set to 0.0 due to no predicted samples. Use `zero_division` parameter to control this behavior.
  _warn_prf(average, modifier, f"{metric.capitalize()} is", len(result))

2026-09-11 14:12:17,978:WARNING:C:\Users\jenny\AppData\Local\Programs\Python\Python310\lib\site-packages\sklearn\metrics\_classification.py:1509: UndefinedMetricWarning: Precision is ill-defined and being set to 0.0 due to no predicted samples. Use `zero_division` parameter to control this behavior.
  _warn_prf(average, modifier, f"{metric.capitalize()} is", len(result))

2026-09-11 14:12:17,980:WARNING:C:\Users\jenny\AppData\Local\Programs\Python\Python310\lib\site-packages\sklearn\metrics\_classification.py:1509: UndefinedMetricWarning: Precision is ill-defined and being set to 0.0 due to no predicted samples. Use `zero_division` parameter to control this behavior.
  _warn_prf(average, modifier, f"{metric.capitalize()} is", len(result))

2026-09-11 14:12:17,983:WARNING:C:\Users\jenny\AppData\Local\Programs\Python\Python310\lib\site-packages\sklearn\metrics\_classification.py:1509: UndefinedMetricWarning: Precision is ill-defined and being set to 0.0 due to no predicted samples. Use `zero_division` parameter to control this behavior.
  _warn_prf(average, modifier, f"{metric.capitalize()} is", len(result))

2026-09-11 14:12:17,991:WARNING:C:\Users\jenny\AppData\Local\Programs\Python\Python310\lib\site-packages\sklearn\metrics\_classification.py:1509: UndefinedMetricWarning: Precision is ill-defined and being set to 0.0 due to no predicted samples. Use `zero_division` parameter to control this behavior.
  _warn_prf(average, modifier, f"{metric.capitalize()} is", len(result))

2026-09-11 14:12:17,994:WARNING:C:\Users\jenny\AppData\Local\Programs\Python\Python310\lib\site-packages\sklearn\metrics\_classification.py:1509: UndefinedMetricWarning: Precision is ill-defined and being set to 0.0 due to no predicted samples. Use `zero_division` parameter to control this behavior.
  _warn_prf(average, modifier, f"{metric.capitalize()} is", len(result))

2026-09-11 14:12:18,016:INFO:Calculating mean and std
2026-09-11 14:12:18,017:INFO:Creating metrics dataframe
2026-09-11 14:12:18,019:INFO:Uploading results into container
2026-09-11 14:12:18,019:INFO:Uploading model into container now
2026-09-11 14:12:18,019:INFO:_master_model_container: 13
2026-09-11 14:12:18,019:INFO:_display_container: 2
2026-09-11 14:12:18,019:INFO:DummyClassifier(constant=None, random_state=7570, strategy='prior')
2026-09-11 14:12:18,019:INFO:create_model() successfully completed......................................
2026-09-11 14:12:18,082:INFO:SubProcess create_model() end ==================================
2026-09-11 14:12:18,083:INFO:Creating metrics dataframe
2026-09-11 14:12:18,086:WARNING:C:\Users\jenny\AppData\Local\Programs\Python\Python310\lib\site-packages\pycaret\internal\pycaret_experiment\supervised_experiment.py:323: FutureWarning: Styler.applymap has been deprecated. Use Styler.map instead.
  master_display_.apply(

2026-09-11 14:12:18,088:INFO:Initializing create_model()
2026-09-11 14:12:18,088:INFO:create_model(self=<pycaret.classification.oop.ClassificationExperiment object at 0x000002927427DAE0>, estimator=GradientBoostingClassifier(ccp_alpha=0.0, criterion='friedman_mse', init=None,
                           learning_rate=0.1, loss='log_loss', max_depth=3,
                           max_features=None, max_leaf_nodes=None,
                           min_impurity_decrease=0.0, min_samples_leaf=1,
                           min_samples_split=2, min_weight_fraction_leaf=0.0,
                           n_estimators=100, n_iter_no_change=None,
                           random_state=7570, subsample=1.0, tol=0.0001,
                           validation_fraction=0.1, verbose=0,
                           warm_start=False), fold=StratifiedKFold(n_splits=10, random_state=None, shuffle=False), round=4, cross_validation=False, predict=False, fit_kwargs={}, groups=None, refit=True, probability_threshold=None, experiment_custom_tags=None, verbose=False, system=False, add_to_model_list=True, metrics=None, display=None, model_only=True, return_train_score=False, error_score=0.0, kwargs={})
2026-09-11 14:12:18,088:INFO:Checking exceptions
2026-09-11 14:12:18,089:INFO:Importing libraries
2026-09-11 14:12:18,089:INFO:Copying training dataset
2026-09-11 14:12:18,101:INFO:Defining folds
2026-09-11 14:12:18,101:INFO:Declaring metric variables
2026-09-11 14:12:18,101:INFO:Importing untrained model
2026-09-11 14:12:18,101:INFO:Declaring custom model
2026-09-11 14:12:18,101:INFO:Gradient Boosting Classifier Imported successfully
2026-09-11 14:12:18,103:INFO:Cross validation set to False
2026-09-11 14:12:18,103:INFO:Fitting Model
2026-09-11 14:12:19,872:INFO:GradientBoostingClassifier(ccp_alpha=0.0, criterion='friedman_mse', init=None,
                           learning_rate=0.1, loss='log_loss', max_depth=3,
                           max_features=None, max_leaf_nodes=None,
                           min_impurity_decrease=0.0, min_samples_leaf=1,
                           min_samples_split=2, min_weight_fraction_leaf=0.0,
                           n_estimators=100, n_iter_no_change=None,
                           random_state=7570, subsample=1.0, tol=0.0001,
                           validation_fraction=0.1, verbose=0,
                           warm_start=False)
2026-09-11 14:12:19,873:INFO:create_model() successfully completed......................................
2026-09-11 14:12:19,939:INFO:_master_model_container: 13
2026-09-11 14:12:19,939:INFO:_display_container: 2
2026-09-11 14:12:19,939:INFO:GradientBoostingClassifier(ccp_alpha=0.0, criterion='friedman_mse', init=None,
                           learning_rate=0.1, loss='log_loss', max_depth=3,
                           max_features=None, max_leaf_nodes=None,
                           min_impurity_decrease=0.0, min_samples_leaf=1,
                           min_samples_split=2, min_weight_fraction_leaf=0.0,
                           n_estimators=100, n_iter_no_change=None,
                           random_state=7570, subsample=1.0, tol=0.0001,
                           validation_fraction=0.1, verbose=0,
                           warm_start=False)
2026-09-11 14:12:19,939:INFO:compare_models() successfully completed......................................
2026-09-11 14:12:19,940:INFO:Initializing create_model()
2026-09-11 14:12:19,940:INFO:create_model(self=<pycaret.classification.oop.ClassificationExperiment object at 0x000002927427DAE0>, estimator=GradientBoostingClassifier(ccp_alpha=0.0, criterion='friedman_mse', init=None,
                           learning_rate=0.1, loss='log_loss', max_depth=3,
                           max_features=None, max_leaf_nodes=None,
                           min_impurity_decrease=0.0, min_samples_leaf=1,
                           min_samples_split=2, min_weight_fraction_leaf=0.0,
                           n_estimators=100, n_iter_no_change=None,
                           random_state=7570, subsample=1.0, tol=0.0001,
                           validation_fraction=0.1, verbose=0,
                           warm_start=False), fold=None, round=4, cross_validation=True, predict=True, fit_kwargs=None, groups=None, refit=True, probability_threshold=None, experiment_custom_tags=None, verbose=True, system=True, add_to_model_list=True, metrics=None, display=None, model_only=True, return_train_score=False, error_score=0.0, kwargs={})
2026-09-11 14:12:19,940:INFO:Checking exceptions
2026-09-11 14:12:19,942:INFO:Importing libraries
2026-09-11 14:12:19,942:INFO:Copying training dataset
2026-09-11 14:12:19,949:INFO:Defining folds
2026-09-11 14:12:19,954:INFO:Declaring metric variables
2026-09-11 14:12:19,954:INFO:Importing untrained model
2026-09-11 14:12:19,954:INFO:Declaring custom model
2026-09-11 14:12:19,955:INFO:Gradient Boosting Classifier Imported successfully
2026-09-11 14:12:19,956:INFO:Starting cross validation
2026-09-11 14:12:19,956:INFO:Cross validating with StratifiedKFold(n_splits=10, random_state=None, shuffle=False), n_jobs=-1
2026-09-11 14:12:21,587:INFO:Calculating mean and std
2026-09-11 14:12:21,588:INFO:Creating metrics dataframe
2026-09-11 14:12:21,590:INFO:Finalizing model
2026-09-11 14:12:23,256:INFO:Uploading results into container
2026-09-11 14:12:23,261:INFO:Uploading model into container now
2026-09-11 14:12:23,261:INFO:_master_model_container: 14
2026-09-11 14:12:23,261:INFO:_display_container: 3
2026-09-11 14:12:23,261:INFO:GradientBoostingClassifier(ccp_alpha=0.0, criterion='friedman_mse', init=None,
                           learning_rate=0.1, loss='log_loss', max_depth=3,
                           max_features=None, max_leaf_nodes=None,
                           min_impurity_decrease=0.0, min_samples_leaf=1,
                           min_samples_split=2, min_weight_fraction_leaf=0.0,
                           n_estimators=100, n_iter_no_change=None,
                           random_state=7570, subsample=1.0, tol=0.0001,
                           validation_fraction=0.1, verbose=0,
                           warm_start=False)
2026-09-11 14:12:23,261:INFO:create_model() successfully completed......................................
2026-09-11 14:12:23,328:INFO:Initializing finalize_model()
2026-09-11 14:12:23,328:INFO:finalize_model(self=<pycaret.classification.oop.ClassificationExperiment object at 0x000002927427DAE0>, estimator=GradientBoostingClassifier(ccp_alpha=0.0, criterion='friedman_mse', init=None,
                           learning_rate=0.1, loss='log_loss', max_depth=3,
                           max_features=None, max_leaf_nodes=None,
                           min_impurity_decrease=0.0, min_samples_leaf=1,
                           min_samples_split=2, min_weight_fraction_leaf=0.0,
                           n_estimators=100, n_iter_no_change=None,
                           random_state=7570, subsample=1.0, tol=0.0001,
                           validation_fraction=0.1, verbose=0,
                           warm_start=False), fit_kwargs=None, groups=None, model_only=False, experiment_custom_tags=None)
2026-09-11 14:12:23,328:INFO:Finalizing GradientBoostingClassifier(ccp_alpha=0.0, criterion='friedman_mse', init=None,
                           learning_rate=0.1, loss='log_loss', max_depth=3,
                           max_features=None, max_leaf_nodes=None,
                           min_impurity_decrease=0.0, min_samples_leaf=1,
                           min_samples_split=2, min_weight_fraction_leaf=0.0,
                           n_estimators=100, n_iter_no_change=None,
                           random_state=7570, subsample=1.0, tol=0.0001,
                           validation_fraction=0.1, verbose=0,
                           warm_start=False)
2026-09-11 14:12:23,328:INFO:Initializing create_model()
2026-09-11 14:12:23,328:INFO:create_model(self=<pycaret.classification.oop.ClassificationExperiment object at 0x000002927427DAE0>, estimator=GradientBoostingClassifier(ccp_alpha=0.0, criterion='friedman_mse', init=None,
                           learning_rate=0.1, loss='log_loss', max_depth=3,
                           max_features=None, max_leaf_nodes=None,
                           min_impurity_decrease=0.0, min_samples_leaf=1,
                           min_samples_split=2, min_weight_fraction_leaf=0.0,
                           n_estimators=100, n_iter_no_change=None,
                           random_state=7570, subsample=1.0, tol=0.0001,
                           validation_fraction=0.1, verbose=0,
                           warm_start=False), fold=None, round=4, cross_validation=False, predict=False, fit_kwargs={}, groups=None, refit=True, probability_threshold=None, experiment_custom_tags=None, verbose=False, system=False, add_to_model_list=False, metrics=None, display=None, model_only=False, return_train_score=False, error_score=0.0, kwargs={})
2026-09-11 14:12:23,328:INFO:Checking exceptions
2026-09-11 14:12:23,328:INFO:Importing libraries
2026-09-11 14:12:23,328:INFO:Copying training dataset
2026-09-11 14:12:23,328:INFO:Defining folds
2026-09-11 14:12:23,328:INFO:Declaring metric variables
2026-09-11 14:12:23,328:INFO:Importing untrained model
2026-09-11 14:12:23,328:INFO:Declaring custom model
2026-09-11 14:12:23,328:INFO:Gradient Boosting Classifier Imported successfully
2026-09-11 14:12:23,328:INFO:Cross validation set to False
2026-09-11 14:12:23,328:INFO:Fitting Model
2026-09-11 14:12:25,796:INFO:Pipeline(memory=Memory(location=None),
         steps=[('numerical_imputer',
                 TransformerWrapper(exclude=None,
                                    include=['grade', 'obsnum',
                                             'totalobs-forsession',
                                             'transitions', 'numactivities',
                                             'formatchanges', 'numformats',
                                             'obsv/act',
                                             'transitions/durations',
                                             'total time'],
                                    transformer=SimpleImputer(add_indicator=False,
                                                              copy=True,
                                                              fill_value=None,
                                                              keep_empty_features=False...
                                            criterion='friedman_mse', init=None,
                                            learning_rate=0.1, loss='log_loss',
                                            max_depth=3, max_features=None,
                                            max_leaf_nodes=None,
                                            min_impurity_decrease=0.0,
                                            min_samples_leaf=1,
                                            min_samples_split=2,
                                            min_weight_fraction_leaf=0.0,
                                            n_estimators=100,
                                            n_iter_no_change=None,
                                            random_state=7570, subsample=1.0,
                                            tol=0.0001, validation_fraction=0.1,
                                            verbose=0, warm_start=False))],
         verbose=False)
2026-09-11 14:12:25,796:INFO:create_model() successfully completed......................................
2026-09-11 14:12:25,862:INFO:_master_model_container: 14
2026-09-11 14:12:25,862:INFO:_display_container: 3
2026-09-11 14:12:25,862:INFO:Pipeline(memory=Memory(location=None),
         steps=[('numerical_imputer',
                 TransformerWrapper(exclude=None,
                                    include=['grade', 'obsnum',
                                             'totalobs-forsession',
                                             'transitions', 'numactivities',
                                             'formatchanges', 'numformats',
                                             'obsv/act',
                                             'transitions/durations',
                                             'total time'],
                                    transformer=SimpleImputer(add_indicator=False,
                                                              copy=True,
                                                              fill_value=None,
                                                              keep_empty_features=False...
                                            criterion='friedman_mse', init=None,
                                            learning_rate=0.1, loss='log_loss',
                                            max_depth=3, max_features=None,
                                            max_leaf_nodes=None,
                                            min_impurity_decrease=0.0,
                                            min_samples_leaf=1,
                                            min_samples_split=2,
                                            min_weight_fraction_leaf=0.0,
                                            n_estimators=100,
                                            n_iter_no_change=None,
                                            random_state=7570, subsample=1.0,
                                            tol=0.0001, validation_fraction=0.1,
                                            verbose=0, warm_start=False))],
         verbose=False)
2026-09-11 14:12:25,862:INFO:finalize_model() successfully completed......................................
2026-09-11 14:12:25,923:INFO:Initializing predict_model()
2026-09-11 14:12:25,923:INFO:predict_model(self=<pycaret.classification.oop.ClassificationExperiment object at 0x000002927427DAE0>, estimator=Pipeline(memory=Memory(location=None),
         steps=[('numerical_imputer',
                 TransformerWrapper(exclude=None,
                                    include=['grade', 'obsnum',
                                             'totalobs-forsession',
                                             'transitions', 'numactivities',
                                             'formatchanges', 'numformats',
                                             'obsv/act',
                                             'transitions/durations',
                                             'total time'],
                                    transformer=SimpleImputer(add_indicator=False,
                                                              copy=True,
                                                              fill_value=None,
                                                              keep_empty_features=False...
                                            criterion='friedman_mse', init=None,
                                            learning_rate=0.1, loss='log_loss',
                                            max_depth=3, max_features=None,
                                            max_leaf_nodes=None,
                                            min_impurity_decrease=0.0,
                                            min_samples_leaf=1,
                                            min_samples_split=2,
                                            min_weight_fraction_leaf=0.0,
                                            n_estimators=100,
                                            n_iter_no_change=None,
                                            random_state=7570, subsample=1.0,
                                            tol=0.0001, validation_fraction=0.1,
                                            verbose=0, warm_start=False))],
         verbose=False), probability_threshold=None, encoded_labels=False, raw_score=False, round=4, verbose=True, ml_usecase=None, preprocess=True, encode_labels=<function _SupervisedExperiment.predict_model.<locals>.encode_labels at 0x00000292733E6440>)
2026-09-11 14:12:25,923:INFO:Checking exceptions
2026-09-11 14:12:25,923:INFO:Preloading libraries
2026-09-11 14:12:25,923:INFO:Set up data.
2026-09-11 14:12:25,923:INFO:Set up index.
2026-09-11 14:12:26,045:INFO:PyCaret ClassificationExperiment
2026-09-11 14:12:26,045:INFO:Logging name: clf-default-name
2026-09-11 14:12:26,045:INFO:ML Usecase: MLUsecase.CLASSIFICATION
2026-09-11 14:12:26,045:INFO:version 3.3.2
2026-09-11 14:12:26,045:INFO:Initializing setup()
2026-09-11 14:12:26,045:INFO:self.USI: 3955
2026-09-11 14:12:26,045:INFO:self._variable_keys: {'X', 'fold_groups_param', 'log_plots_param', 'target_param', '_available_plots', 'gpu_n_jobs_param', 'gpu_param', 'X_train', 'fold_shuffle_param', 'is_multiclass', '_ml_usecase', 'logging_param', 'exp_id', 'html_param', 'exp_name_log', 'fold_generator', 'pipeline', 'memory', 'data', 'fix_imbalance', 'seed', 'n_jobs_param', 'idx', 'USI', 'y', 'y_train', 'y_test', 'X_test'}
2026-09-11 14:12:26,045:INFO:Checking environment
2026-09-11 14:12:26,045:INFO:python_version: 3.10.5
2026-09-11 14:12:26,045:INFO:python_build: ('tags/v3.10.5:f377153', 'Jun  6 2022 16:14:13')
2026-09-11 14:12:26,045:INFO:machine: AMD64
2026-09-11 14:12:26,046:INFO:platform: Windows-10-10.0.26200-SP0
2026-09-11 14:12:26,046:INFO:Memory: svmem(total=16749838336, available=2658349056, percent=84.1, used=14091489280, free=2658349056)
2026-09-11 14:12:26,047:INFO:Physical Core: 12
2026-09-11 14:12:26,047:INFO:Logical Core: 12
2026-09-11 14:12:26,047:INFO:Checking libraries
2026-09-11 14:12:26,047:INFO:System:
2026-09-11 14:12:26,047:INFO:    python: 3.10.5 (tags/v3.10.5:f377153, Jun  6 2022, 16:14:13) [MSC v.1929 64 bit (AMD64)]
2026-09-11 14:12:26,047:INFO:executable: C:\Users\jenny\AppData\Local\Programs\Python\Python310\python.exe
2026-09-11 14:12:26,047:INFO:   machine: Windows-10-10.0.26200-SP0
2026-09-11 14:12:26,047:INFO:PyCaret required dependencies:
2026-09-11 14:12:26,047:INFO:                 pip: 22.0.4
2026-09-11 14:12:26,047:INFO:          setuptools: 58.1.0
2026-09-11 14:12:26,047:INFO:             pycaret: 3.3.2
2026-09-11 14:12:26,047:INFO:             IPython: 8.37.0
2026-09-11 14:12:26,047:INFO:          ipywidgets: 8.1.9
2026-09-11 14:12:26,047:INFO:                tqdm: 4.67.1
2026-09-11 14:12:26,047:INFO:               numpy: 1.26.4
2026-09-11 14:12:26,047:INFO:              pandas: 2.1.4
2026-09-11 14:12:26,047:INFO:              jinja2: 3.1.6
2026-09-11 14:12:26,047:INFO:               scipy: 1.11.4
2026-09-11 14:12:26,047:INFO:              joblib: 1.3.2
2026-09-11 14:12:26,047:INFO:             sklearn: 1.4.2
2026-09-11 14:12:26,048:INFO:                pyod: 3.4.0
2026-09-11 14:12:26,048:INFO:            imblearn: 0.14.2
2026-09-11 14:12:26,048:INFO:   category_encoders: 2.7.0
2026-09-11 14:12:26,048:INFO:            lightgbm: 4.7.0
2026-09-11 14:12:26,048:INFO:               numba: 0.62.1
2026-09-11 14:12:26,048:INFO:            requests: 2.32.5
2026-09-11 14:12:26,048:INFO:          matplotlib: 3.7.5
2026-09-11 14:12:26,048:INFO:          scikitplot: 0.3.7
2026-09-11 14:12:26,048:INFO:         yellowbrick: 1.5
2026-09-11 14:12:26,048:INFO:              plotly: 6.9.0
2026-09-11 14:12:26,048:INFO:    plotly-resampler: Not installed
2026-09-11 14:12:26,048:INFO:             kaleido: 1.4.0
2026-09-11 14:12:26,048:INFO:           schemdraw: 0.15
2026-09-11 14:12:26,048:INFO:         statsmodels: 0.14.6
2026-09-11 14:12:26,048:INFO:              sktime: 0.26.0
2026-09-11 14:12:26,048:INFO:               tbats: 1.1.3
2026-09-11 14:12:26,048:INFO:            pmdarima: 2.0.4
2026-09-11 14:12:26,048:INFO:              psutil: 7.1.1
2026-09-11 14:12:26,048:INFO:          markupsafe: 3.0.3
2026-09-11 14:12:26,048:INFO:             pickle5: Not installed
2026-09-11 14:12:26,048:INFO:         cloudpickle: 3.1.2
2026-09-11 14:12:26,048:INFO:         deprecation: 2.1.0
2026-09-11 14:12:26,048:INFO:              xxhash: 4.0.1
2026-09-11 14:12:26,048:INFO:           wurlitzer: Not installed
2026-09-11 14:12:26,048:INFO:PyCaret optional dependencies:
2026-09-11 14:12:26,048:INFO:                shap: Not installed
2026-09-11 14:12:26,048:INFO:           interpret: Not installed
2026-09-11 14:12:26,049:INFO:                umap: Not installed
2026-09-11 14:12:26,049:INFO:     ydata_profiling: 4.18.0
2026-09-11 14:12:26,049:INFO:  explainerdashboard: Not installed
2026-09-11 14:12:26,049:INFO:             autoviz: Not installed
2026-09-11 14:12:26,049:INFO:           fairlearn: Not installed
2026-09-11 14:12:26,049:INFO:          deepchecks: Not installed
2026-09-11 14:12:26,049:INFO:             xgboost: Not installed
2026-09-11 14:12:26,049:INFO:            catboost: Not installed
2026-09-11 14:12:26,049:INFO:              kmodes: Not installed
2026-09-11 14:12:26,049:INFO:             mlxtend: Not installed
2026-09-11 14:12:26,049:INFO:       statsforecast: Not installed
2026-09-11 14:12:26,049:INFO:        tune_sklearn: Not installed
2026-09-11 14:12:26,049:INFO:                 ray: Not installed
2026-09-11 14:12:26,049:INFO:            hyperopt: Not installed
2026-09-11 14:12:26,049:INFO:              optuna: Not installed
2026-09-11 14:12:26,049:INFO:               skopt: Not installed
2026-09-11 14:12:26,049:INFO:              mlflow: Not installed
2026-09-11 14:12:26,049:INFO:              gradio: Not installed
2026-09-11 14:12:26,049:INFO:             fastapi: Not installed
2026-09-11 14:12:26,050:INFO:             uvicorn: Not installed
2026-09-11 14:12:26,050:INFO:              m2cgen: Not installed
2026-09-11 14:12:26,050:INFO:           evidently: Not installed
2026-09-11 14:12:26,050:INFO:               fugue: Not installed
2026-09-11 14:12:26,050:INFO:           streamlit: Not installed
2026-09-11 14:12:26,050:INFO:             prophet: Not installed
2026-09-11 14:12:26,050:INFO:None
2026-09-11 14:12:26,050:INFO:Set up data.
2026-09-11 14:12:26,054:INFO:Set up folding strategy.
2026-09-11 14:12:26,054:INFO:Set up train/test split.
2026-09-11 14:12:26,065:INFO:Set up index.
2026-09-11 14:12:26,065:INFO:Assigning column types.
2026-09-11 14:12:26,065:INFO:Engine successfully changes for model 'lr' to 'sklearn'.
2026-09-11 14:12:26,115:INFO:Engine for model 'knn' has not been set explicitly, hence returning None.
2026-09-11 14:12:26,116:INFO:Engine for model 'rbfsvm' has not been set explicitly, hence returning None.
2026-09-11 14:12:26,133:WARNING:
'xgboost' is a soft dependency and not included in the pycaret installation. Please run: `pip install xgboost` to install.
Alternately, you can install this by running `pip install pycaret[models]`
2026-09-11 14:12:26,133:WARNING:
'catboost' is a soft dependency and not included in the pycaret installation. Please run: `pip install catboost` to install.
Alternately, you can install this by running `pip install pycaret[models]`
2026-09-11 14:12:26,164:INFO:Engine for model 'knn' has not been set explicitly, hence returning None.
2026-09-11 14:12:26,164:INFO:Engine for model 'rbfsvm' has not been set explicitly, hence returning None.
2026-09-11 14:12:26,197:WARNING:
'xgboost' is a soft dependency and not included in the pycaret installation. Please run: `pip install xgboost` to install.
Alternately, you can install this by running `pip install pycaret[models]`
2026-09-11 14:12:26,197:WARNING:
'catboost' is a soft dependency and not included in the pycaret installation. Please run: `pip install catboost` to install.
Alternately, you can install this by running `pip install pycaret[models]`
2026-09-11 14:12:26,197:INFO:Engine successfully changes for model 'knn' to 'sklearn'.
2026-09-11 14:12:26,241:INFO:Engine for model 'rbfsvm' has not been set explicitly, hence returning None.
2026-09-11 14:12:26,250:WARNING:
'xgboost' is a soft dependency and not included in the pycaret installation. Please run: `pip install xgboost` to install.
Alternately, you can install this by running `pip install pycaret[models]`
2026-09-11 14:12:26,265:WARNING:
'catboost' is a soft dependency and not included in the pycaret installation. Please run: `pip install catboost` to install.
Alternately, you can install this by running `pip install pycaret[models]`
2026-09-11 14:12:26,296:INFO:Engine for model 'rbfsvm' has not been set explicitly, hence returning None.
2026-09-11 14:12:26,315:WARNING:
'xgboost' is a soft dependency and not included in the pycaret installation. Please run: `pip install xgboost` to install.
Alternately, you can install this by running `pip install pycaret[models]`
2026-09-11 14:12:26,315:WARNING:
'catboost' is a soft dependency and not included in the pycaret installation. Please run: `pip install catboost` to install.
Alternately, you can install this by running `pip install pycaret[models]`
2026-09-11 14:12:26,315:INFO:Engine successfully changes for model 'rbfsvm' to 'sklearn'.
2026-09-11 14:12:26,383:WARNING:
'xgboost' is a soft dependency and not included in the pycaret installation. Please run: `pip install xgboost` to install.
Alternately, you can install this by running `pip install pycaret[models]`
2026-09-11 14:12:26,383:WARNING:
'catboost' is a soft dependency and not included in the pycaret installation. Please run: `pip install catboost` to install.
Alternately, you can install this by running `pip install pycaret[models]`
2026-09-11 14:12:26,440:WARNING:
'xgboost' is a soft dependency and not included in the pycaret installation. Please run: `pip install xgboost` to install.
Alternately, you can install this by running `pip install pycaret[models]`
2026-09-11 14:12:26,440:WARNING:
'catboost' is a soft dependency and not included in the pycaret installation. Please run: `pip install catboost` to install.
Alternately, you can install this by running `pip install pycaret[models]`
2026-09-11 14:12:26,440:INFO:Preparing preprocessing pipeline...
2026-09-11 14:12:26,440:INFO:Set up simple imputation.
2026-09-11 14:12:26,440:INFO:Set up imbalanced handling.
2026-09-11 14:12:26,440:INFO:Set up column name cleaning.
2026-09-11 14:12:26,498:WARNING:C:\Users\jenny\AppData\Local\Programs\Python\Python310\lib\site-packages\joblib\externals\loky\backend\context.py:136: UserWarning: Could not find the number of physical cores for the following reason:
[WinError 2] The system cannot find the file specified
Returning the number of logical cores instead. You can silence this warning by setting LOKY_MAX_CPU_COUNT to the number of cores you want to use.
  warnings.warn(

2026-09-11 14:12:26,630:INFO:Finished creating preprocessing pipeline.
2026-09-11 14:12:26,636:INFO:Pipeline: Pipeline(memory=FastMemory(location=C:\Users\jenny\AppData\Local\Temp\joblib),
         steps=[('numerical_imputer',
                 TransformerWrapper(exclude=None,
                                    include=['grade', 'obsnum',
                                             'totalobs-forsession',
                                             'transitions', 'numactivities',
                                             'formatchanges', 'numformats',
                                             'obsv/act',
                                             'transitions/durations',
                                             'total time'],
                                    transformer=SimpleImputer(add_indicator=False,
                                                              copy=True,
                                                              f...
                                                              missing_values=nan,
                                                              strategy='most_frequent'))),
                ('balance',
                 TransformerWrapper(exclude=None, include=None,
                                    transformer=FixImbalancer(estimator=SMOTE(k_neighbors=5,
                                                                              random_state=None,
                                                                              sampling_strategy='auto')))),
                ('clean_column_names',
                 TransformerWrapper(exclude=None, include=None,
                                    transformer=CleanColumnNames(match='[\\]\\[\\,\\{\\}\\"\\:]+')))],
         verbose=False)
2026-09-11 14:12:26,636:INFO:Creating final display dataframe.
2026-09-11 14:12:26,842:INFO:Setup _display_container:                     Description             Value
0                    Session id              4529
1                        Target            ontask
2                   Target type            Binary
3           Original data shape       (22184, 17)
4        Transformed data shape       (27568, 17)
5   Transformed train set shape       (20912, 17)
6    Transformed test set shape        (6656, 17)
7              Numeric features                10
8                    Preprocess              True
9               Imputation type            simple
10           Numeric imputation              mean
11       Categorical imputation              mode
12                Fix imbalance              True
13         Fix imbalance method             SMOTE
14               Fold Generator   StratifiedKFold
15                  Fold Number                10
16                     CPU Jobs                -1
17                      Use GPU             False
18               Log Experiment             False
19              Experiment Name  clf-default-name
20                          USI              3955
2026-09-11 14:12:26,908:WARNING:
'xgboost' is a soft dependency and not included in the pycaret installation. Please run: `pip install xgboost` to install.
Alternately, you can install this by running `pip install pycaret[models]`
2026-09-11 14:12:26,908:WARNING:
'catboost' is a soft dependency and not included in the pycaret installation. Please run: `pip install catboost` to install.
Alternately, you can install this by running `pip install pycaret[models]`
2026-09-11 14:12:26,971:WARNING:
'xgboost' is a soft dependency and not included in the pycaret installation. Please run: `pip install xgboost` to install.
Alternately, you can install this by running `pip install pycaret[models]`
2026-09-11 14:12:26,972:WARNING:
'catboost' is a soft dependency and not included in the pycaret installation. Please run: `pip install catboost` to install.
Alternately, you can install this by running `pip install pycaret[models]`
2026-09-11 14:12:26,973:INFO:setup() successfully completed in 0.93s...............
2026-09-11 14:12:26,973:INFO:Initializing compare_models()
2026-09-11 14:12:26,973:INFO:compare_models(self=<pycaret.classification.oop.ClassificationExperiment object at 0x000002926EB70670>, include=None, fold=None, round=4, cross_validation=True, sort=Accuracy, n_select=1, budget_time=None, turbo=True, errors=ignore, fit_kwargs=None, groups=None, experiment_custom_tags=None, probability_threshold=None, verbose=True, parallel=None, caller_params={'self': <pycaret.classification.oop.ClassificationExperiment object at 0x000002926EB70670>, 'include': None, 'exclude': None, 'fold': None, 'round': 4, 'cross_validation': True, 'sort': 'Accuracy', 'n_select': 1, 'budget_time': None, 'turbo': True, 'errors': 'ignore', 'fit_kwargs': None, 'groups': None, 'experiment_custom_tags': None, 'probability_threshold': None, 'engine': None, 'verbose': True, 'parallel': None, '__class__': <class 'pycaret.classification.oop.ClassificationExperiment'>}, exclude=None)
2026-09-11 14:12:26,973:INFO:Checking exceptions
2026-09-11 14:12:26,980:INFO:Preparing display monitor
2026-09-11 14:12:26,983:INFO:Initializing Logistic Regression
2026-09-11 14:12:26,983:INFO:Total runtime is 0.0 minutes
2026-09-11 14:12:26,983:INFO:SubProcess create_model() called ==================================
2026-09-11 14:12:26,983:INFO:Initializing create_model()
2026-09-11 14:12:26,983:INFO:create_model(self=<pycaret.classification.oop.ClassificationExperiment object at 0x000002926EB70670>, estimator=lr, fold=StratifiedKFold(n_splits=10, random_state=None, shuffle=False), round=4, cross_validation=True, predict=True, fit_kwargs={}, groups=None, refit=False, probability_threshold=None, experiment_custom_tags=None, verbose=False, system=False, add_to_model_list=True, metrics=None, display=<pycaret.internal.display.display.CommonDisplay object at 0x000002926EA65060>, model_only=True, return_train_score=False, error_score=0.0, kwargs={})
2026-09-11 14:12:26,983:INFO:Checking exceptions
2026-09-11 14:12:26,983:INFO:Importing libraries
2026-09-11 14:12:26,983:INFO:Copying training dataset
2026-09-11 14:12:26,995:INFO:Defining folds
2026-09-11 14:12:26,995:INFO:Declaring metric variables
2026-09-11 14:12:26,995:INFO:Importing untrained model
2026-09-11 14:12:26,995:INFO:Logistic Regression Imported successfully
2026-09-11 14:12:26,995:INFO:Starting cross validation
2026-09-11 14:12:26,996:INFO:Cross validating with StratifiedKFold(n_splits=10, random_state=None, shuffle=False), n_jobs=-1
2026-09-11 14:12:29,163:WARNING:C:\Users\jenny\AppData\Local\Programs\Python\Python310\lib\site-packages\sklearn\linear_model\_logistic.py:469: ConvergenceWarning: lbfgs failed to converge (status=1):
STOP: TOTAL NO. of ITERATIONS REACHED LIMIT.

Increase the number of iterations (max_iter) or scale the data as shown in:
    https://scikit-learn.org/stable/modules/preprocessing.html
Please also refer to the documentation for alternative solver options:
    https://scikit-learn.org/stable/modules/linear_model.html#logistic-regression
  n_iter_i = _check_optimize_result(

2026-09-11 14:12:29,197:WARNING:C:\Users\jenny\AppData\Local\Programs\Python\Python310\lib\site-packages\sklearn\linear_model\_logistic.py:469: ConvergenceWarning: lbfgs failed to converge (status=1):
STOP: TOTAL NO. of ITERATIONS REACHED LIMIT.

Increase the number of iterations (max_iter) or scale the data as shown in:
    https://scikit-learn.org/stable/modules/preprocessing.html
Please also refer to the documentation for alternative solver options:
    https://scikit-learn.org/stable/modules/linear_model.html#logistic-regression
  n_iter_i = _check_optimize_result(

2026-09-11 14:12:29,197:WARNING:C:\Users\jenny\AppData\Local\Programs\Python\Python310\lib\site-packages\sklearn\linear_model\_logistic.py:469: ConvergenceWarning: lbfgs failed to converge (status=1):
STOP: TOTAL NO. of ITERATIONS REACHED LIMIT.

Increase the number of iterations (max_iter) or scale the data as shown in:
    https://scikit-learn.org/stable/modules/preprocessing.html
Please also refer to the documentation for alternative solver options:
    https://scikit-learn.org/stable/modules/linear_model.html#logistic-regression
  n_iter_i = _check_optimize_result(

2026-09-11 14:12:29,197:WARNING:C:\Users\jenny\AppData\Local\Programs\Python\Python310\lib\site-packages\sklearn\linear_model\_logistic.py:469: ConvergenceWarning: lbfgs failed to converge (status=1):
STOP: TOTAL NO. of ITERATIONS REACHED LIMIT.

Increase the number of iterations (max_iter) or scale the data as shown in:
    https://scikit-learn.org/stable/modules/preprocessing.html
Please also refer to the documentation for alternative solver options:
    https://scikit-learn.org/stable/modules/linear_model.html#logistic-regression
  n_iter_i = _check_optimize_result(

2026-09-11 14:12:29,197:WARNING:C:\Users\jenny\AppData\Local\Programs\Python\Python310\lib\site-packages\sklearn\linear_model\_logistic.py:469: ConvergenceWarning: lbfgs failed to converge (status=1):
STOP: TOTAL NO. of ITERATIONS REACHED LIMIT.

Increase the number of iterations (max_iter) or scale the data as shown in:
    https://scikit-learn.org/stable/modules/preprocessing.html
Please also refer to the documentation for alternative solver options:
    https://scikit-learn.org/stable/modules/linear_model.html#logistic-regression
  n_iter_i = _check_optimize_result(

2026-09-11 14:12:29,214:WARNING:C:\Users\jenny\AppData\Local\Programs\Python\Python310\lib\site-packages\sklearn\linear_model\_logistic.py:469: ConvergenceWarning: lbfgs failed to converge (status=1):
STOP: TOTAL NO. of ITERATIONS REACHED LIMIT.

Increase the number of iterations (max_iter) or scale the data as shown in:
    https://scikit-learn.org/stable/modules/preprocessing.html
Please also refer to the documentation for alternative solver options:
    https://scikit-learn.org/stable/modules/linear_model.html#logistic-regression
  n_iter_i = _check_optimize_result(

2026-09-11 14:12:29,214:WARNING:C:\Users\jenny\AppData\Local\Programs\Python\Python310\lib\site-packages\sklearn\linear_model\_logistic.py:469: ConvergenceWarning: lbfgs failed to converge (status=1):
STOP: TOTAL NO. of ITERATIONS REACHED LIMIT.

Increase the number of iterations (max_iter) or scale the data as shown in:
    https://scikit-learn.org/stable/modules/preprocessing.html
Please also refer to the documentation for alternative solver options:
    https://scikit-learn.org/stable/modules/linear_model.html#logistic-regression
  n_iter_i = _check_optimize_result(

2026-09-11 14:12:29,214:WARNING:C:\Users\jenny\AppData\Local\Programs\Python\Python310\lib\site-packages\sklearn\linear_model\_logistic.py:469: ConvergenceWarning: lbfgs failed to converge (status=1):
STOP: TOTAL NO. of ITERATIONS REACHED LIMIT.

Increase the number of iterations (max_iter) or scale the data as shown in:
    https://scikit-learn.org/stable/modules/preprocessing.html
Please also refer to the documentation for alternative solver options:
    https://scikit-learn.org/stable/modules/linear_model.html#logistic-regression
  n_iter_i = _check_optimize_result(

2026-09-11 14:12:29,214:WARNING:C:\Users\jenny\AppData\Local\Programs\Python\Python310\lib\site-packages\sklearn\linear_model\_logistic.py:469: ConvergenceWarning: lbfgs failed to converge (status=1):
STOP: TOTAL NO. of ITERATIONS REACHED LIMIT.

Increase the number of iterations (max_iter) or scale the data as shown in:
    https://scikit-learn.org/stable/modules/preprocessing.html
Please also refer to the documentation for alternative solver options:
    https://scikit-learn.org/stable/modules/linear_model.html#logistic-regression
  n_iter_i = _check_optimize_result(

2026-09-11 14:12:29,244:WARNING:C:\Users\jenny\AppData\Local\Programs\Python\Python310\lib\site-packages\sklearn\linear_model\_logistic.py:469: ConvergenceWarning: lbfgs failed to converge (status=1):
STOP: TOTAL NO. of ITERATIONS REACHED LIMIT.

Increase the number of iterations (max_iter) or scale the data as shown in:
    https://scikit-learn.org/stable/modules/preprocessing.html
Please also refer to the documentation for alternative solver options:
    https://scikit-learn.org/stable/modules/linear_model.html#logistic-regression
  n_iter_i = _check_optimize_result(

2026-09-11 14:12:29,275:INFO:Calculating mean and std
2026-09-11 14:12:29,275:INFO:Creating metrics dataframe
2026-09-11 14:12:29,277:INFO:Uploading results into container
2026-09-11 14:12:29,279:INFO:Uploading model into container now
2026-09-11 14:12:29,279:INFO:_master_model_container: 1
2026-09-11 14:12:29,279:INFO:_display_container: 2
2026-09-11 14:12:29,279:INFO:LogisticRegression(C=1.0, class_weight=None, dual=False, fit_intercept=True,
                   intercept_scaling=1, l1_ratio=None, max_iter=1000,
                   multi_class='auto', n_jobs=None, penalty='l2',
                   random_state=4529, solver='lbfgs', tol=0.0001, verbose=0,
                   warm_start=False)
2026-09-11 14:12:29,279:INFO:create_model() successfully completed......................................
2026-09-11 14:12:29,338:INFO:SubProcess create_model() end ==================================
2026-09-11 14:12:29,338:INFO:Creating metrics dataframe
2026-09-11 14:12:29,340:INFO:Initializing K Neighbors Classifier
2026-09-11 14:12:29,340:INFO:Total runtime is 0.0392873485883077 minutes
2026-09-11 14:12:29,341:INFO:SubProcess create_model() called ==================================
2026-09-11 14:12:29,341:INFO:Initializing create_model()
2026-09-11 14:12:29,341:INFO:create_model(self=<pycaret.classification.oop.ClassificationExperiment object at 0x000002926EB70670>, estimator=knn, fold=StratifiedKFold(n_splits=10, random_state=None, shuffle=False), round=4, cross_validation=True, predict=True, fit_kwargs={}, groups=None, refit=False, probability_threshold=None, experiment_custom_tags=None, verbose=False, system=False, add_to_model_list=True, metrics=None, display=<pycaret.internal.display.display.CommonDisplay object at 0x000002926EA65060>, model_only=True, return_train_score=False, error_score=0.0, kwargs={})
2026-09-11 14:12:29,341:INFO:Checking exceptions
2026-09-11 14:12:29,341:INFO:Importing libraries
2026-09-11 14:12:29,341:INFO:Copying training dataset
2026-09-11 14:12:29,353:INFO:Defining folds
2026-09-11 14:12:29,353:INFO:Declaring metric variables
2026-09-11 14:12:29,353:INFO:Importing untrained model
2026-09-11 14:12:29,354:INFO:K Neighbors Classifier Imported successfully
2026-09-11 14:12:29,354:INFO:Starting cross validation
2026-09-11 14:12:29,355:INFO:Cross validating with StratifiedKFold(n_splits=10, random_state=None, shuffle=False), n_jobs=-1
2026-09-11 14:12:30,030:INFO:Calculating mean and std
2026-09-11 14:12:30,030:INFO:Creating metrics dataframe
2026-09-11 14:12:30,034:INFO:Uploading results into container
2026-09-11 14:12:30,034:INFO:Uploading model into container now
2026-09-11 14:12:30,034:INFO:_master_model_container: 2
2026-09-11 14:12:30,034:INFO:_display_container: 2
2026-09-11 14:12:30,034:INFO:KNeighborsClassifier(algorithm='auto', leaf_size=30, metric='minkowski',
                     metric_params=None, n_jobs=-1, n_neighbors=5, p=2,
                     weights='uniform')
2026-09-11 14:12:30,034:INFO:create_model() successfully completed......................................
2026-09-11 14:12:30,087:INFO:SubProcess create_model() end ==================================
2026-09-11 14:12:30,087:INFO:Creating metrics dataframe
2026-09-11 14:12:30,099:INFO:Initializing Naive Bayes
2026-09-11 14:12:30,099:INFO:Total runtime is 0.05193221171696981 minutes
2026-09-11 14:12:30,099:INFO:SubProcess create_model() called ==================================
2026-09-11 14:12:30,099:INFO:Initializing create_model()
2026-09-11 14:12:30,099:INFO:create_model(self=<pycaret.classification.oop.ClassificationExperiment object at 0x000002926EB70670>, estimator=nb, fold=StratifiedKFold(n_splits=10, random_state=None, shuffle=False), round=4, cross_validation=True, predict=True, fit_kwargs={}, groups=None, refit=False, probability_threshold=None, experiment_custom_tags=None, verbose=False, system=False, add_to_model_list=True, metrics=None, display=<pycaret.internal.display.display.CommonDisplay object at 0x000002926EA65060>, model_only=True, return_train_score=False, error_score=0.0, kwargs={})
2026-09-11 14:12:30,099:INFO:Checking exceptions
2026-09-11 14:12:30,099:INFO:Importing libraries
2026-09-11 14:12:30,100:INFO:Copying training dataset
2026-09-11 14:12:30,112:INFO:Defining folds
2026-09-11 14:12:30,112:INFO:Declaring metric variables
2026-09-11 14:12:30,112:INFO:Importing untrained model
2026-09-11 14:12:30,112:INFO:Naive Bayes Imported successfully
2026-09-11 14:12:30,112:INFO:Starting cross validation
2026-09-11 14:12:30,114:INFO:Cross validating with StratifiedKFold(n_splits=10, random_state=None, shuffle=False), n_jobs=-1
2026-09-11 14:12:30,687:INFO:Calculating mean and std
2026-09-11 14:12:30,688:INFO:Creating metrics dataframe
2026-09-11 14:12:30,690:INFO:Uploading results into container
2026-09-11 14:12:30,690:INFO:Uploading model into container now
2026-09-11 14:12:30,690:INFO:_master_model_container: 3
2026-09-11 14:12:30,690:INFO:_display_container: 2
2026-09-11 14:12:30,691:INFO:GaussianNB(priors=None, var_smoothing=1e-09)
2026-09-11 14:12:30,691:INFO:create_model() successfully completed......................................
2026-09-11 14:12:30,754:INFO:SubProcess create_model() end ==================================
2026-09-11 14:12:30,754:INFO:Creating metrics dataframe
2026-09-11 14:12:30,757:INFO:Initializing Decision Tree Classifier
2026-09-11 14:12:30,757:INFO:Total runtime is 0.06289544900258383 minutes
2026-09-11 14:12:30,758:INFO:SubProcess create_model() called ==================================
2026-09-11 14:12:30,758:INFO:Initializing create_model()
2026-09-11 14:12:30,758:INFO:create_model(self=<pycaret.classification.oop.ClassificationExperiment object at 0x000002926EB70670>, estimator=dt, fold=StratifiedKFold(n_splits=10, random_state=None, shuffle=False), round=4, cross_validation=True, predict=True, fit_kwargs={}, groups=None, refit=False, probability_threshold=None, experiment_custom_tags=None, verbose=False, system=False, add_to_model_list=True, metrics=None, display=<pycaret.internal.display.display.CommonDisplay object at 0x000002926EA65060>, model_only=True, return_train_score=False, error_score=0.0, kwargs={})
2026-09-11 14:12:30,758:INFO:Checking exceptions
2026-09-11 14:12:30,758:INFO:Importing libraries
2026-09-11 14:12:30,758:INFO:Copying training dataset
2026-09-11 14:12:30,759:INFO:Defining folds
2026-09-11 14:12:30,759:INFO:Declaring metric variables
2026-09-11 14:12:30,759:INFO:Importing untrained model
2026-09-11 14:12:30,759:INFO:Decision Tree Classifier Imported successfully
2026-09-11 14:12:30,759:INFO:Starting cross validation
2026-09-11 14:12:30,759:INFO:Cross validating with StratifiedKFold(n_splits=10, random_state=None, shuffle=False), n_jobs=-1
2026-09-11 14:12:31,684:INFO:Calculating mean and std
2026-09-11 14:12:31,684:INFO:Creating metrics dataframe
2026-09-11 14:12:31,687:INFO:Uploading results into container
2026-09-11 14:12:31,687:INFO:Uploading model into container now
2026-09-11 14:12:31,687:INFO:_master_model_container: 4
2026-09-11 14:12:31,687:INFO:_display_container: 2
2026-09-11 14:12:31,687:INFO:DecisionTreeClassifier(ccp_alpha=0.0, class_weight=None, criterion='gini',
                       max_depth=None, max_features=None, max_leaf_nodes=None,
                       min_impurity_decrease=0.0, min_samples_leaf=1,
                       min_samples_split=2, min_weight_fraction_leaf=0.0,
                       monotonic_cst=None, random_state=4529, splitter='best')
2026-09-11 14:12:31,687:INFO:create_model() successfully completed......................................
2026-09-11 14:12:31,751:INFO:SubProcess create_model() end ==================================
2026-09-11 14:12:31,751:INFO:Creating metrics dataframe
2026-09-11 14:12:31,755:INFO:Initializing SVM - Linear Kernel
2026-09-11 14:12:31,755:INFO:Total runtime is 0.07953627506891887 minutes
2026-09-11 14:12:31,755:INFO:SubProcess create_model() called ==================================
2026-09-11 14:12:31,756:INFO:Initializing create_model()
2026-09-11 14:12:31,756:INFO:create_model(self=<pycaret.classification.oop.ClassificationExperiment object at 0x000002926EB70670>, estimator=svm, fold=StratifiedKFold(n_splits=10, random_state=None, shuffle=False), round=4, cross_validation=True, predict=True, fit_kwargs={}, groups=None, refit=False, probability_threshold=None, experiment_custom_tags=None, verbose=False, system=False, add_to_model_list=True, metrics=None, display=<pycaret.internal.display.display.CommonDisplay object at 0x000002926EA65060>, model_only=True, return_train_score=False, error_score=0.0, kwargs={})
2026-09-11 14:12:31,756:INFO:Checking exceptions
2026-09-11 14:12:31,756:INFO:Importing libraries
2026-09-11 14:12:31,756:INFO:Copying training dataset
2026-09-11 14:12:31,760:INFO:Defining folds
2026-09-11 14:12:31,760:INFO:Declaring metric variables
2026-09-11 14:12:31,760:INFO:Importing untrained model
2026-09-11 14:12:31,760:INFO:SVM - Linear Kernel Imported successfully
2026-09-11 14:12:31,760:INFO:Starting cross validation
2026-09-11 14:12:31,760:INFO:Cross validating with StratifiedKFold(n_splits=10, random_state=None, shuffle=False), n_jobs=-1
2026-09-11 14:12:33,994:WARNING:C:\Users\jenny\AppData\Local\Programs\Python\Python310\lib\site-packages\sklearn\metrics\_classification.py:1509: UndefinedMetricWarning: Precision is ill-defined and being set to 0.0 due to no predicted samples. Use `zero_division` parameter to control this behavior.
  _warn_prf(average, modifier, f"{metric.capitalize()} is", len(result))

2026-09-11 14:12:34,002:INFO:Calculating mean and std
2026-09-11 14:12:34,003:INFO:Creating metrics dataframe
2026-09-11 14:12:34,005:INFO:Uploading results into container
2026-09-11 14:12:34,007:INFO:Uploading model into container now
2026-09-11 14:12:34,007:INFO:_master_model_container: 5
2026-09-11 14:12:34,007:INFO:_display_container: 2
2026-09-11 14:12:34,007:INFO:SGDClassifier(alpha=0.0001, average=False, class_weight=None,
              early_stopping=False, epsilon=0.1, eta0=0.001, fit_intercept=True,
              l1_ratio=0.15, learning_rate='optimal', loss='hinge',
              max_iter=1000, n_iter_no_change=5, n_jobs=-1, penalty='l2',
              power_t=0.5, random_state=4529, shuffle=True, tol=0.001,
              validation_fraction=0.1, verbose=0, warm_start=False)
2026-09-11 14:12:34,007:INFO:create_model() successfully completed......................................
2026-09-11 14:12:34,073:INFO:SubProcess create_model() end ==================================
2026-09-11 14:12:34,073:INFO:Creating metrics dataframe
2026-09-11 14:12:34,073:INFO:Initializing Ridge Classifier
2026-09-11 14:12:34,088:INFO:Total runtime is 0.11842226584752402 minutes
2026-09-11 14:12:34,088:INFO:SubProcess create_model() called ==================================
2026-09-11 14:12:34,088:INFO:Initializing create_model()
2026-09-11 14:12:34,089:INFO:create_model(self=<pycaret.classification.oop.ClassificationExperiment object at 0x000002926EB70670>, estimator=ridge, fold=StratifiedKFold(n_splits=10, random_state=None, shuffle=False), round=4, cross_validation=True, predict=True, fit_kwargs={}, groups=None, refit=False, probability_threshold=None, experiment_custom_tags=None, verbose=False, system=False, add_to_model_list=True, metrics=None, display=<pycaret.internal.display.display.CommonDisplay object at 0x000002926EA65060>, model_only=True, return_train_score=False, error_score=0.0, kwargs={})
2026-09-11 14:12:34,089:INFO:Checking exceptions
2026-09-11 14:12:34,089:INFO:Importing libraries
2026-09-11 14:12:34,089:INFO:Copying training dataset
2026-09-11 14:12:34,106:INFO:Defining folds
2026-09-11 14:12:34,106:INFO:Declaring metric variables
2026-09-11 14:12:34,106:INFO:Importing untrained model
2026-09-11 14:12:34,108:INFO:Ridge Classifier Imported successfully
2026-09-11 14:12:34,108:INFO:Starting cross validation
2026-09-11 14:12:34,108:INFO:Cross validating with StratifiedKFold(n_splits=10, random_state=None, shuffle=False), n_jobs=-1
2026-09-11 14:12:34,954:INFO:Calculating mean and std
2026-09-11 14:12:34,956:INFO:Creating metrics dataframe
2026-09-11 14:12:34,958:INFO:Uploading results into container
2026-09-11 14:12:34,958:INFO:Uploading model into container now
2026-09-11 14:12:34,958:INFO:_master_model_container: 6
2026-09-11 14:12:34,961:INFO:_display_container: 2
2026-09-11 14:12:34,961:INFO:RidgeClassifier(alpha=1.0, class_weight=None, copy_X=True, fit_intercept=True,
                max_iter=None, positive=False, random_state=4529, solver='auto',
                tol=0.0001)
2026-09-11 14:12:34,961:INFO:create_model() successfully completed......................................
2026-09-11 14:12:35,038:INFO:SubProcess create_model() end ==================================
2026-09-11 14:12:35,038:INFO:Creating metrics dataframe
2026-09-11 14:12:35,042:INFO:Initializing Random Forest Classifier
2026-09-11 14:12:35,042:INFO:Total runtime is 0.13432172536849976 minutes
2026-09-11 14:12:35,042:INFO:SubProcess create_model() called ==================================
2026-09-11 14:12:35,043:INFO:Initializing create_model()
2026-09-11 14:12:35,043:INFO:create_model(self=<pycaret.classification.oop.ClassificationExperiment object at 0x000002926EB70670>, estimator=rf, fold=StratifiedKFold(n_splits=10, random_state=None, shuffle=False), round=4, cross_validation=True, predict=True, fit_kwargs={}, groups=None, refit=False, probability_threshold=None, experiment_custom_tags=None, verbose=False, system=False, add_to_model_list=True, metrics=None, display=<pycaret.internal.display.display.CommonDisplay object at 0x000002926EA65060>, model_only=True, return_train_score=False, error_score=0.0, kwargs={})
2026-09-11 14:12:35,043:INFO:Checking exceptions
2026-09-11 14:12:35,043:INFO:Importing libraries
2026-09-11 14:12:35,043:INFO:Copying training dataset
2026-09-11 14:12:35,056:INFO:Defining folds
2026-09-11 14:12:35,056:INFO:Declaring metric variables
2026-09-11 14:12:35,060:INFO:Importing untrained model
2026-09-11 14:12:35,060:INFO:Random Forest Classifier Imported successfully
2026-09-11 14:12:35,060:INFO:Starting cross validation
2026-09-11 14:12:35,060:INFO:Cross validating with StratifiedKFold(n_splits=10, random_state=None, shuffle=False), n_jobs=-1
2026-09-11 14:12:42,954:INFO:Calculating mean and std
2026-09-11 14:12:42,955:INFO:Creating metrics dataframe
2026-09-11 14:12:42,957:INFO:Uploading results into container
2026-09-11 14:12:42,960:INFO:Uploading model into container now
2026-09-11 14:12:42,960:INFO:_master_model_container: 7
2026-09-11 14:12:42,960:INFO:_display_container: 2
2026-09-11 14:12:42,961:INFO:RandomForestClassifier(bootstrap=True, ccp_alpha=0.0, class_weight=None,
                       criterion='gini', max_depth=None, max_features='sqrt',
                       max_leaf_nodes=None, max_samples=None,
                       min_impurity_decrease=0.0, min_samples_leaf=1,
                       min_samples_split=2, min_weight_fraction_leaf=0.0,
                       monotonic_cst=None, n_estimators=100, n_jobs=-1,
                       oob_score=False, random_state=4529, verbose=0,
                       warm_start=False)
2026-09-11 14:12:42,961:INFO:create_model() successfully completed......................................
2026-09-11 14:12:43,044:INFO:SubProcess create_model() end ==================================
2026-09-11 14:12:43,044:INFO:Creating metrics dataframe
2026-09-11 14:12:43,048:INFO:Initializing Quadratic Discriminant Analysis
2026-09-11 14:12:43,048:INFO:Total runtime is 0.26775406599044804 minutes
2026-09-11 14:12:43,050:INFO:SubProcess create_model() called ==================================
2026-09-11 14:12:43,050:INFO:Initializing create_model()
2026-09-11 14:12:43,050:INFO:create_model(self=<pycaret.classification.oop.ClassificationExperiment object at 0x000002926EB70670>, estimator=qda, fold=StratifiedKFold(n_splits=10, random_state=None, shuffle=False), round=4, cross_validation=True, predict=True, fit_kwargs={}, groups=None, refit=False, probability_threshold=None, experiment_custom_tags=None, verbose=False, system=False, add_to_model_list=True, metrics=None, display=<pycaret.internal.display.display.CommonDisplay object at 0x000002926EA65060>, model_only=True, return_train_score=False, error_score=0.0, kwargs={})
2026-09-11 14:12:43,050:INFO:Checking exceptions
2026-09-11 14:12:43,050:INFO:Importing libraries
2026-09-11 14:12:43,050:INFO:Copying training dataset
2026-09-11 14:12:43,066:INFO:Defining folds
2026-09-11 14:12:43,066:INFO:Declaring metric variables
2026-09-11 14:12:43,066:INFO:Importing untrained model
2026-09-11 14:12:43,066:INFO:Quadratic Discriminant Analysis Imported successfully
2026-09-11 14:12:43,066:INFO:Starting cross validation
2026-09-11 14:12:43,068:INFO:Cross validating with StratifiedKFold(n_splits=10, random_state=None, shuffle=False), n_jobs=-1
2026-09-11 14:12:43,302:WARNING:C:\Users\jenny\AppData\Local\Programs\Python\Python310\lib\site-packages\sklearn\discriminant_analysis.py:935: UserWarning: Variables are collinear
  warnings.warn("Variables are collinear")

2026-09-11 14:12:43,325:WARNING:C:\Users\jenny\AppData\Local\Programs\Python\Python310\lib\site-packages\sklearn\discriminant_analysis.py:935: UserWarning: Variables are collinear
  warnings.warn("Variables are collinear")

2026-09-11 14:12:43,328:WARNING:C:\Users\jenny\AppData\Local\Programs\Python\Python310\lib\site-packages\sklearn\discriminant_analysis.py:935: UserWarning: Variables are collinear
  warnings.warn("Variables are collinear")

2026-09-11 14:12:43,330:WARNING:C:\Users\jenny\AppData\Local\Programs\Python\Python310\lib\site-packages\sklearn\discriminant_analysis.py:935: UserWarning: Variables are collinear
  warnings.warn("Variables are collinear")

2026-09-11 14:12:43,331:WARNING:C:\Users\jenny\AppData\Local\Programs\Python\Python310\lib\site-packages\sklearn\discriminant_analysis.py:935: UserWarning: Variables are collinear
  warnings.warn("Variables are collinear")

2026-09-11 14:12:43,333:WARNING:C:\Users\jenny\AppData\Local\Programs\Python\Python310\lib\site-packages\sklearn\discriminant_analysis.py:935: UserWarning: Variables are collinear
  warnings.warn("Variables are collinear")

2026-09-11 14:12:43,334:WARNING:C:\Users\jenny\AppData\Local\Programs\Python\Python310\lib\site-packages\sklearn\discriminant_analysis.py:935: UserWarning: Variables are collinear
  warnings.warn("Variables are collinear")

2026-09-11 14:12:43,335:WARNING:C:\Users\jenny\AppData\Local\Programs\Python\Python310\lib\site-packages\sklearn\discriminant_analysis.py:935: UserWarning: Variables are collinear
  warnings.warn("Variables are collinear")

2026-09-11 14:12:43,337:WARNING:C:\Users\jenny\AppData\Local\Programs\Python\Python310\lib\site-packages\sklearn\discriminant_analysis.py:935: UserWarning: Variables are collinear
  warnings.warn("Variables are collinear")

2026-09-11 14:12:43,354:WARNING:C:\Users\jenny\AppData\Local\Programs\Python\Python310\lib\site-packages\sklearn\discriminant_analysis.py:935: UserWarning: Variables are collinear
  warnings.warn("Variables are collinear")

2026-09-11 14:12:43,401:INFO:Calculating mean and std
2026-09-11 14:12:43,403:INFO:Creating metrics dataframe
2026-09-11 14:12:43,407:INFO:Uploading results into container
2026-09-11 14:12:43,407:INFO:Uploading model into container now
2026-09-11 14:12:43,408:INFO:_master_model_container: 8
2026-09-11 14:12:43,408:INFO:_display_container: 2
2026-09-11 14:12:43,408:INFO:QuadraticDiscriminantAnalysis(priors=None, reg_param=0.0,
                              store_covariance=False, tol=0.0001)
2026-09-11 14:12:43,408:INFO:create_model() successfully completed......................................
2026-09-11 14:12:43,487:INFO:SubProcess create_model() end ==================================
2026-09-11 14:12:43,487:INFO:Creating metrics dataframe
2026-09-11 14:12:43,491:INFO:Initializing Ada Boost Classifier
2026-09-11 14:12:43,491:INFO:Total runtime is 0.27513626813888553 minutes
2026-09-11 14:12:43,491:INFO:SubProcess create_model() called ==================================
2026-09-11 14:12:43,491:INFO:Initializing create_model()
2026-09-11 14:12:43,491:INFO:create_model(self=<pycaret.classification.oop.ClassificationExperiment object at 0x000002926EB70670>, estimator=ada, fold=StratifiedKFold(n_splits=10, random_state=None, shuffle=False), round=4, cross_validation=True, predict=True, fit_kwargs={}, groups=None, refit=False, probability_threshold=None, experiment_custom_tags=None, verbose=False, system=False, add_to_model_list=True, metrics=None, display=<pycaret.internal.display.display.CommonDisplay object at 0x000002926EA65060>, model_only=True, return_train_score=False, error_score=0.0, kwargs={})
2026-09-11 14:12:43,491:INFO:Checking exceptions
2026-09-11 14:12:43,491:INFO:Importing libraries
2026-09-11 14:12:43,491:INFO:Copying training dataset
2026-09-11 14:12:43,507:INFO:Defining folds
2026-09-11 14:12:43,508:INFO:Declaring metric variables
2026-09-11 14:12:43,508:INFO:Importing untrained model
2026-09-11 14:12:43,508:INFO:Ada Boost Classifier Imported successfully
2026-09-11 14:12:43,508:INFO:Starting cross validation
2026-09-11 14:12:43,510:INFO:Cross validating with StratifiedKFold(n_splits=10, random_state=None, shuffle=False), n_jobs=-1
2026-09-11 14:12:43,743:WARNING:C:\Users\jenny\AppData\Local\Programs\Python\Python310\lib\site-packages\sklearn\ensemble\_weight_boosting.py:519: FutureWarning: The SAMME.R algorithm (the default) is deprecated and will be removed in 1.6. Use the SAMME algorithm to circumvent this warning.
  warnings.warn(

2026-09-11 14:12:43,747:WARNING:C:\Users\jenny\AppData\Local\Programs\Python\Python310\lib\site-packages\sklearn\ensemble\_weight_boosting.py:519: FutureWarning: The SAMME.R algorithm (the default) is deprecated and will be removed in 1.6. Use the SAMME algorithm to circumvent this warning.
  warnings.warn(

2026-09-11 14:12:43,748:WARNING:C:\Users\jenny\AppData\Local\Programs\Python\Python310\lib\site-packages\sklearn\ensemble\_weight_boosting.py:519: FutureWarning: The SAMME.R algorithm (the default) is deprecated and will be removed in 1.6. Use the SAMME algorithm to circumvent this warning.
  warnings.warn(

2026-09-11 14:12:43,749:WARNING:C:\Users\jenny\AppData\Local\Programs\Python\Python310\lib\site-packages\sklearn\ensemble\_weight_boosting.py:519: FutureWarning: The SAMME.R algorithm (the default) is deprecated and will be removed in 1.6. Use the SAMME algorithm to circumvent this warning.
  warnings.warn(

2026-09-11 14:12:43,750:WARNING:C:\Users\jenny\AppData\Local\Programs\Python\Python310\lib\site-packages\sklearn\ensemble\_weight_boosting.py:519: FutureWarning: The SAMME.R algorithm (the default) is deprecated and will be removed in 1.6. Use the SAMME algorithm to circumvent this warning.
  warnings.warn(

2026-09-11 14:12:43,755:WARNING:C:\Users\jenny\AppData\Local\Programs\Python\Python310\lib\site-packages\sklearn\ensemble\_weight_boosting.py:519: FutureWarning: The SAMME.R algorithm (the default) is deprecated and will be removed in 1.6. Use the SAMME algorithm to circumvent this warning.
  warnings.warn(

2026-09-11 14:12:43,756:WARNING:C:\Users\jenny\AppData\Local\Programs\Python\Python310\lib\site-packages\sklearn\ensemble\_weight_boosting.py:519: FutureWarning: The SAMME.R algorithm (the default) is deprecated and will be removed in 1.6. Use the SAMME algorithm to circumvent this warning.
  warnings.warn(

2026-09-11 14:12:43,762:WARNING:C:\Users\jenny\AppData\Local\Programs\Python\Python310\lib\site-packages\sklearn\ensemble\_weight_boosting.py:519: FutureWarning: The SAMME.R algorithm (the default) is deprecated and will be removed in 1.6. Use the SAMME algorithm to circumvent this warning.
  warnings.warn(

2026-09-11 14:12:43,764:WARNING:C:\Users\jenny\AppData\Local\Programs\Python\Python310\lib\site-packages\sklearn\ensemble\_weight_boosting.py:519: FutureWarning: The SAMME.R algorithm (the default) is deprecated and will be removed in 1.6. Use the SAMME algorithm to circumvent this warning.
  warnings.warn(

2026-09-11 14:12:43,764:WARNING:C:\Users\jenny\AppData\Local\Programs\Python\Python310\lib\site-packages\sklearn\ensemble\_weight_boosting.py:519: FutureWarning: The SAMME.R algorithm (the default) is deprecated and will be removed in 1.6. Use the SAMME algorithm to circumvent this warning.
  warnings.warn(

2026-09-11 14:12:45,117:INFO:Calculating mean and std
2026-09-11 14:12:45,118:INFO:Creating metrics dataframe
2026-09-11 14:12:45,121:INFO:Uploading results into container
2026-09-11 14:12:45,121:INFO:Uploading model into container now
2026-09-11 14:12:45,121:INFO:_master_model_container: 9
2026-09-11 14:12:45,121:INFO:_display_container: 2
2026-09-11 14:12:45,121:INFO:AdaBoostClassifier(algorithm='SAMME.R', estimator=None, learning_rate=1.0,
                   n_estimators=50, random_state=4529)
2026-09-11 14:12:45,121:INFO:create_model() successfully completed......................................
2026-09-11 14:12:45,189:INFO:SubProcess create_model() end ==================================
2026-09-11 14:12:45,189:INFO:Creating metrics dataframe
2026-09-11 14:12:45,189:INFO:Initializing Gradient Boosting Classifier
2026-09-11 14:12:45,189:INFO:Total runtime is 0.3034348766009013 minutes
2026-09-11 14:12:45,189:INFO:SubProcess create_model() called ==================================
2026-09-11 14:12:45,199:INFO:Initializing create_model()
2026-09-11 14:12:45,199:INFO:create_model(self=<pycaret.classification.oop.ClassificationExperiment object at 0x000002926EB70670>, estimator=gbc, fold=StratifiedKFold(n_splits=10, random_state=None, shuffle=False), round=4, cross_validation=True, predict=True, fit_kwargs={}, groups=None, refit=False, probability_threshold=None, experiment_custom_tags=None, verbose=False, system=False, add_to_model_list=True, metrics=None, display=<pycaret.internal.display.display.CommonDisplay object at 0x000002926EA65060>, model_only=True, return_train_score=False, error_score=0.0, kwargs={})
2026-09-11 14:12:45,199:INFO:Checking exceptions
2026-09-11 14:12:45,199:INFO:Importing libraries
2026-09-11 14:12:45,199:INFO:Copying training dataset
2026-09-11 14:12:45,205:INFO:Defining folds
2026-09-11 14:12:45,205:INFO:Declaring metric variables
2026-09-11 14:12:45,205:INFO:Importing untrained model
2026-09-11 14:12:45,205:INFO:Gradient Boosting Classifier Imported successfully
2026-09-11 14:12:45,205:INFO:Starting cross validation
2026-09-11 14:12:45,205:INFO:Cross validating with StratifiedKFold(n_splits=10, random_state=None, shuffle=False), n_jobs=-1
2026-09-11 14:12:49,514:INFO:Calculating mean and std
2026-09-11 14:12:49,516:INFO:Creating metrics dataframe
2026-09-11 14:12:49,519:INFO:Uploading results into container
2026-09-11 14:12:49,519:INFO:Uploading model into container now
2026-09-11 14:12:49,520:INFO:_master_model_container: 10
2026-09-11 14:12:49,520:INFO:_display_container: 2
2026-09-11 14:12:49,520:INFO:GradientBoostingClassifier(ccp_alpha=0.0, criterion='friedman_mse', init=None,
                           learning_rate=0.1, loss='log_loss', max_depth=3,
                           max_features=None, max_leaf_nodes=None,
                           min_impurity_decrease=0.0, min_samples_leaf=1,
                           min_samples_split=2, min_weight_fraction_leaf=0.0,
                           n_estimators=100, n_iter_no_change=None,
                           random_state=4529, subsample=1.0, tol=0.0001,
                           validation_fraction=0.1, verbose=0,
                           warm_start=False)
2026-09-11 14:12:49,520:INFO:create_model() successfully completed......................................
2026-09-11 14:12:49,596:INFO:SubProcess create_model() end ==================================
2026-09-11 14:12:49,596:INFO:Creating metrics dataframe
2026-09-11 14:12:49,600:INFO:Initializing Linear Discriminant Analysis
2026-09-11 14:12:49,600:INFO:Total runtime is 0.37695598204930625 minutes
2026-09-11 14:12:49,600:INFO:SubProcess create_model() called ==================================
2026-09-11 14:12:49,600:INFO:Initializing create_model()
2026-09-11 14:12:49,600:INFO:create_model(self=<pycaret.classification.oop.ClassificationExperiment object at 0x000002926EB70670>, estimator=lda, fold=StratifiedKFold(n_splits=10, random_state=None, shuffle=False), round=4, cross_validation=True, predict=True, fit_kwargs={}, groups=None, refit=False, probability_threshold=None, experiment_custom_tags=None, verbose=False, system=False, add_to_model_list=True, metrics=None, display=<pycaret.internal.display.display.CommonDisplay object at 0x000002926EA65060>, model_only=True, return_train_score=False, error_score=0.0, kwargs={})
2026-09-11 14:12:49,601:INFO:Checking exceptions
2026-09-11 14:12:49,601:INFO:Importing libraries
2026-09-11 14:12:49,601:INFO:Copying training dataset
2026-09-11 14:12:49,617:INFO:Defining folds
2026-09-11 14:12:49,617:INFO:Declaring metric variables
2026-09-11 14:12:49,617:INFO:Importing untrained model
2026-09-11 14:12:49,617:INFO:Linear Discriminant Analysis Imported successfully
2026-09-11 14:12:49,617:INFO:Starting cross validation
2026-09-11 14:12:49,619:INFO:Cross validating with StratifiedKFold(n_splits=10, random_state=None, shuffle=False), n_jobs=-1
2026-09-11 14:12:49,986:INFO:Calculating mean and std
2026-09-11 14:12:49,988:INFO:Creating metrics dataframe
2026-09-11 14:12:49,991:INFO:Uploading results into container
2026-09-11 14:12:49,992:INFO:Uploading model into container now
2026-09-11 14:12:49,994:INFO:_master_model_container: 11
2026-09-11 14:12:49,994:INFO:_display_container: 2
2026-09-11 14:12:49,994:INFO:LinearDiscriminantAnalysis(covariance_estimator=None, n_components=None,
                           priors=None, shrinkage=None, solver='svd',
                           store_covariance=False, tol=0.0001)
2026-09-11 14:12:49,995:INFO:create_model() successfully completed......................................
2026-09-11 14:12:50,077:INFO:SubProcess create_model() end ==================================
2026-09-11 14:12:50,077:INFO:Creating metrics dataframe
2026-09-11 14:12:50,082:INFO:Initializing Extra Trees Classifier
2026-09-11 14:12:50,083:INFO:Total runtime is 0.38500125805536906 minutes
2026-09-11 14:12:50,083:INFO:SubProcess create_model() called ==================================
2026-09-11 14:12:50,083:INFO:Initializing create_model()
2026-09-11 14:12:50,084:INFO:create_model(self=<pycaret.classification.oop.ClassificationExperiment object at 0x000002926EB70670>, estimator=et, fold=StratifiedKFold(n_splits=10, random_state=None, shuffle=False), round=4, cross_validation=True, predict=True, fit_kwargs={}, groups=None, refit=False, probability_threshold=None, experiment_custom_tags=None, verbose=False, system=False, add_to_model_list=True, metrics=None, display=<pycaret.internal.display.display.CommonDisplay object at 0x000002926EA65060>, model_only=True, return_train_score=False, error_score=0.0, kwargs={})
2026-09-11 14:12:50,084:INFO:Checking exceptions
2026-09-11 14:12:50,084:INFO:Importing libraries
2026-09-11 14:12:50,084:INFO:Copying training dataset
2026-09-11 14:12:50,101:INFO:Defining folds
2026-09-11 14:12:50,102:INFO:Declaring metric variables
2026-09-11 14:12:50,102:INFO:Importing untrained model
2026-09-11 14:12:50,102:INFO:Extra Trees Classifier Imported successfully
2026-09-11 14:12:50,103:INFO:Starting cross validation
2026-09-11 14:12:50,104:INFO:Cross validating with StratifiedKFold(n_splits=10, random_state=None, shuffle=False), n_jobs=-1
2026-09-11 14:12:53,867:INFO:Calculating mean and std
2026-09-11 14:12:53,869:INFO:Creating metrics dataframe
2026-09-11 14:12:53,873:INFO:Uploading results into container
2026-09-11 14:12:53,873:INFO:Uploading model into container now
2026-09-11 14:12:53,875:INFO:_master_model_container: 12
2026-09-11 14:12:53,875:INFO:_display_container: 2
2026-09-11 14:12:53,875:INFO:ExtraTreesClassifier(bootstrap=False, ccp_alpha=0.0, class_weight=None,
                     criterion='gini', max_depth=None, max_features='sqrt',
                     max_leaf_nodes=None, max_samples=None,
                     min_impurity_decrease=0.0, min_samples_leaf=1,
                     min_samples_split=2, min_weight_fraction_leaf=0.0,
                     monotonic_cst=None, n_estimators=100, n_jobs=-1,
                     oob_score=False, random_state=4529, verbose=0,
                     warm_start=False)
2026-09-11 14:12:53,875:INFO:create_model() successfully completed......................................
2026-09-11 14:12:53,966:INFO:SubProcess create_model() end ==================================
2026-09-11 14:12:53,966:INFO:Creating metrics dataframe
2026-09-11 14:12:53,973:INFO:Initializing Light Gradient Boosting Machine
2026-09-11 14:12:53,973:INFO:Total runtime is 0.44983187119166057 minutes
2026-09-11 14:12:53,973:INFO:SubProcess create_model() called ==================================
2026-09-11 14:12:53,974:INFO:Initializing create_model()
2026-09-11 14:12:53,974:INFO:create_model(self=<pycaret.classification.oop.ClassificationExperiment object at 0x000002926EB70670>, estimator=lightgbm, fold=StratifiedKFold(n_splits=10, random_state=None, shuffle=False), round=4, cross_validation=True, predict=True, fit_kwargs={}, groups=None, refit=False, probability_threshold=None, experiment_custom_tags=None, verbose=False, system=False, add_to_model_list=True, metrics=None, display=<pycaret.internal.display.display.CommonDisplay object at 0x000002926EA65060>, model_only=True, return_train_score=False, error_score=0.0, kwargs={})
2026-09-11 14:12:53,974:INFO:Checking exceptions
2026-09-11 14:12:53,974:INFO:Importing libraries
2026-09-11 14:12:53,974:INFO:Copying training dataset
2026-09-11 14:12:53,998:INFO:Defining folds
2026-09-11 14:12:53,998:INFO:Declaring metric variables
2026-09-11 14:12:53,998:INFO:Importing untrained model
2026-09-11 14:12:53,999:INFO:Light Gradient Boosting Machine Imported successfully
2026-09-11 14:12:54,000:INFO:Starting cross validation
2026-09-11 14:12:54,002:INFO:Cross validating with StratifiedKFold(n_splits=10, random_state=None, shuffle=False), n_jobs=-1
2026-09-11 14:12:55,267:WARNING:create_model() for lightgbm raised an exception or returned all 0.0, trying without fit_kwargs:
2026-09-11 14:12:55,269:WARNING:Traceback (most recent call last):
  File "C:\Users\jenny\AppData\Local\Programs\Python\Python310\lib\site-packages\pycaret\internal\pycaret_experiment\supervised_experiment.py", line 794, in compare_models
    model, model_fit_time = self._create_model(**create_model_args)
  File "C:\Users\jenny\AppData\Local\Programs\Python\Python310\lib\site-packages\pycaret\internal\pycaret_experiment\supervised_experiment.py", line 1533, in _create_model
    model, model_fit_time, model_results, _ = self._create_model_with_cv(
  File "C:\Users\jenny\AppData\Local\Programs\Python\Python310\lib\site-packages\pycaret\internal\pycaret_experiment\supervised_experiment.py", line 1126, in _create_model_with_cv
    scores = cross_validate(
  File "C:\Users\jenny\AppData\Local\Programs\Python\Python310\lib\site-packages\sklearn\utils\_param_validation.py", line 213, in wrapper
    return func(*args, **kwargs)
  File "C:\Users\jenny\AppData\Local\Programs\Python\Python310\lib\site-packages\sklearn\model_selection\_validation.py", line 450, in cross_validate
    _warn_or_raise_about_fit_failures(results, error_score)
  File "C:\Users\jenny\AppData\Local\Programs\Python\Python310\lib\site-packages\sklearn\model_selection\_validation.py", line 536, in _warn_or_raise_about_fit_failures
    raise ValueError(all_fits_failed_message)
ValueError: 
All the 10 fits failed.
It is very likely that your model is misconfigured.
You can try to debug the error by setting error_score='raise'.

Below are more details about the failures:
--------------------------------------------------------------------------------
10 fits failed with the following error:
Traceback (most recent call last):
  File "C:\Users\jenny\AppData\Local\Programs\Python\Python310\lib\site-packages\sklearn\model_selection\_validation.py", line 895, in _fit_and_score
    estimator.fit(X_train, y_train, **fit_params)
  File "C:\Users\jenny\AppData\Local\Programs\Python\Python310\lib\site-packages\pycaret\internal\pipeline.py", line 278, in fit
    fitted_estimator = self._memory_fit(
  File "C:\Users\jenny\AppData\Local\Programs\Python\Python310\lib\site-packages\joblib\memory.py", line 353, in __call__
    return self.func(*args, **kwargs)
  File "C:\Users\jenny\AppData\Local\Programs\Python\Python310\lib\site-packages\pycaret\internal\pipeline.py", line 69, in _fit_one
    transformer.fit(*args)
  File "C:\Users\jenny\AppData\Local\Programs\Python\Python310\lib\site-packages\lightgbm\sklearn.py", line 1704, in fit
    super().fit(
  File "C:\Users\jenny\AppData\Local\Programs\Python\Python310\lib\site-packages\lightgbm\sklearn.py", line 1171, in fit
    self._Booster = train(
  File "C:\Users\jenny\AppData\Local\Programs\Python\Python310\lib\site-packages\lightgbm\engine.py", line 296, in train
    booster = Booster(params=params, train_set=train_set)
  File "C:\Users\jenny\AppData\Local\Programs\Python\Python310\lib\site-packages\lightgbm\basic.py", line 3758, in __init__
    train_set.construct()
  File "C:\Users\jenny\AppData\Local\Programs\Python\Python310\lib\site-packages\lightgbm\basic.py", line 2574, in construct
    self._lazy_init(
  File "C:\Users\jenny\AppData\Local\Programs\Python\Python310\lib\site-packages\lightgbm\basic.py", line 2189, in _lazy_init
    self.set_label(label)
  File "C:\Users\jenny\AppData\Local\Programs\Python\Python310\lib\site-packages\lightgbm\basic.py", line 3097, in set_label
    self.set_field("label", label_array)
  File "C:\Users\jenny\AppData\Local\Programs\Python\Python310\lib\site-packages\lightgbm\basic.py", line 2860, in set_field
    _LIB.LGBM_DatasetSetField(
OSError: exception: access violation reading 0x0000000000000000


2026-09-11 14:12:55,270:INFO:Initializing create_model()
2026-09-11 14:12:55,270:INFO:create_model(self=<pycaret.classification.oop.ClassificationExperiment object at 0x000002926EB70670>, estimator=lightgbm, fold=StratifiedKFold(n_splits=10, random_state=None, shuffle=False), round=4, cross_validation=True, predict=True, fit_kwargs={}, groups=None, refit=False, probability_threshold=None, experiment_custom_tags=None, verbose=False, system=False, add_to_model_list=True, metrics=None, display=<pycaret.internal.display.display.CommonDisplay object at 0x000002926EA65060>, model_only=True, return_train_score=False, error_score=0.0, kwargs={})
2026-09-11 14:12:55,270:INFO:Checking exceptions
2026-09-11 14:12:55,270:INFO:Importing libraries
2026-09-11 14:12:55,270:INFO:Copying training dataset
2026-09-11 14:12:55,294:INFO:Defining folds
2026-09-11 14:12:55,295:INFO:Declaring metric variables
2026-09-11 14:12:55,295:INFO:Importing untrained model
2026-09-11 14:12:55,296:INFO:Light Gradient Boosting Machine Imported successfully
2026-09-11 14:12:55,297:INFO:Starting cross validation
2026-09-11 14:12:55,298:INFO:Cross validating with StratifiedKFold(n_splits=10, random_state=None, shuffle=False), n_jobs=-1
2026-09-11 14:12:56,598:ERROR:create_model() for lightgbm raised an exception or returned all 0.0:
2026-09-11 14:12:56,598:ERROR:Traceback (most recent call last):
  File "C:\Users\jenny\AppData\Local\Programs\Python\Python310\lib\site-packages\pycaret\internal\pycaret_experiment\supervised_experiment.py", line 794, in compare_models
    model, model_fit_time = self._create_model(**create_model_args)
  File "C:\Users\jenny\AppData\Local\Programs\Python\Python310\lib\site-packages\pycaret\internal\pycaret_experiment\supervised_experiment.py", line 1533, in _create_model
    model, model_fit_time, model_results, _ = self._create_model_with_cv(
  File "C:\Users\jenny\AppData\Local\Programs\Python\Python310\lib\site-packages\pycaret\internal\pycaret_experiment\supervised_experiment.py", line 1126, in _create_model_with_cv
    scores = cross_validate(
  File "C:\Users\jenny\AppData\Local\Programs\Python\Python310\lib\site-packages\sklearn\utils\_param_validation.py", line 213, in wrapper
    return func(*args, **kwargs)
  File "C:\Users\jenny\AppData\Local\Programs\Python\Python310\lib\site-packages\sklearn\model_selection\_validation.py", line 450, in cross_validate
    _warn_or_raise_about_fit_failures(results, error_score)
  File "C:\Users\jenny\AppData\Local\Programs\Python\Python310\lib\site-packages\sklearn\model_selection\_validation.py", line 536, in _warn_or_raise_about_fit_failures
    raise ValueError(all_fits_failed_message)
ValueError: 
All the 10 fits failed.
It is very likely that your model is misconfigured.
You can try to debug the error by setting error_score='raise'.

Below are more details about the failures:
--------------------------------------------------------------------------------
10 fits failed with the following error:
Traceback (most recent call last):
  File "C:\Users\jenny\AppData\Local\Programs\Python\Python310\lib\site-packages\sklearn\model_selection\_validation.py", line 895, in _fit_and_score
    estimator.fit(X_train, y_train, **fit_params)
  File "C:\Users\jenny\AppData\Local\Programs\Python\Python310\lib\site-packages\pycaret\internal\pipeline.py", line 278, in fit
    fitted_estimator = self._memory_fit(
  File "C:\Users\jenny\AppData\Local\Programs\Python\Python310\lib\site-packages\joblib\memory.py", line 353, in __call__
    return self.func(*args, **kwargs)
  File "C:\Users\jenny\AppData\Local\Programs\Python\Python310\lib\site-packages\pycaret\internal\pipeline.py", line 69, in _fit_one
    transformer.fit(*args)
  File "C:\Users\jenny\AppData\Local\Programs\Python\Python310\lib\site-packages\lightgbm\sklearn.py", line 1704, in fit
    super().fit(
  File "C:\Users\jenny\AppData\Local\Programs\Python\Python310\lib\site-packages\lightgbm\sklearn.py", line 1171, in fit
    self._Booster = train(
  File "C:\Users\jenny\AppData\Local\Programs\Python\Python310\lib\site-packages\lightgbm\engine.py", line 296, in train
    booster = Booster(params=params, train_set=train_set)
  File "C:\Users\jenny\AppData\Local\Programs\Python\Python310\lib\site-packages\lightgbm\basic.py", line 3758, in __init__
    train_set.construct()
  File "C:\Users\jenny\AppData\Local\Programs\Python\Python310\lib\site-packages\lightgbm\basic.py", line 2574, in construct
    self._lazy_init(
  File "C:\Users\jenny\AppData\Local\Programs\Python\Python310\lib\site-packages\lightgbm\basic.py", line 2189, in _lazy_init
    self.set_label(label)
  File "C:\Users\jenny\AppData\Local\Programs\Python\Python310\lib\site-packages\lightgbm\basic.py", line 3097, in set_label
    self.set_field("label", label_array)
  File "C:\Users\jenny\AppData\Local\Programs\Python\Python310\lib\site-packages\lightgbm\basic.py", line 2860, in set_field
    _LIB.LGBM_DatasetSetField(
OSError: exception: access violation reading 0x0000000000000000


During handling of the above exception, another exception occurred:

Traceback (most recent call last):
  File "C:\Users\jenny\AppData\Local\Programs\Python\Python310\lib\site-packages\pycaret\internal\pycaret_experiment\supervised_experiment.py", line 815, in compare_models
    model, model_fit_time = self._create_model(**create_model_args)
  File "C:\Users\jenny\AppData\Local\Programs\Python\Python310\lib\site-packages\pycaret\internal\pycaret_experiment\supervised_experiment.py", line 1533, in _create_model
    model, model_fit_time, model_results, _ = self._create_model_with_cv(
  File "C:\Users\jenny\AppData\Local\Programs\Python\Python310\lib\site-packages\pycaret\internal\pycaret_experiment\supervised_experiment.py", line 1126, in _create_model_with_cv
    scores = cross_validate(
  File "C:\Users\jenny\AppData\Local\Programs\Python\Python310\lib\site-packages\sklearn\utils\_param_validation.py", line 213, in wrapper
    return func(*args, **kwargs)
  File "C:\Users\jenny\AppData\Local\Programs\Python\Python310\lib\site-packages\sklearn\model_selection\_validation.py", line 450, in cross_validate
    _warn_or_raise_about_fit_failures(results, error_score)
  File "C:\Users\jenny\AppData\Local\Programs\Python\Python310\lib\site-packages\sklearn\model_selection\_validation.py", line 536, in _warn_or_raise_about_fit_failures
    raise ValueError(all_fits_failed_message)
ValueError: 
All the 10 fits failed.
It is very likely that your model is misconfigured.
You can try to debug the error by setting error_score='raise'.

Below are more details about the failures:
--------------------------------------------------------------------------------
10 fits failed with the following error:
Traceback (most recent call last):
  File "C:\Users\jenny\AppData\Local\Programs\Python\Python310\lib\site-packages\sklearn\model_selection\_validation.py", line 895, in _fit_and_score
    estimator.fit(X_train, y_train, **fit_params)
  File "C:\Users\jenny\AppData\Local\Programs\Python\Python310\lib\site-packages\pycaret\internal\pipeline.py", line 278, in fit
    fitted_estimator = self._memory_fit(
  File "C:\Users\jenny\AppData\Local\Programs\Python\Python310\lib\site-packages\joblib\memory.py", line 353, in __call__
    return self.func(*args, **kwargs)
  File "C:\Users\jenny\AppData\Local\Programs\Python\Python310\lib\site-packages\pycaret\internal\pipeline.py", line 69, in _fit_one
    transformer.fit(*args)
  File "C:\Users\jenny\AppData\Local\Programs\Python\Python310\lib\site-packages\lightgbm\sklearn.py", line 1704, in fit
    super().fit(
  File "C:\Users\jenny\AppData\Local\Programs\Python\Python310\lib\site-packages\lightgbm\sklearn.py", line 1171, in fit
    self._Booster = train(
  File "C:\Users\jenny\AppData\Local\Programs\Python\Python310\lib\site-packages\lightgbm\engine.py", line 296, in train
    booster = Booster(params=params, train_set=train_set)
  File "C:\Users\jenny\AppData\Local\Programs\Python\Python310\lib\site-packages\lightgbm\basic.py", line 3758, in __init__
    train_set.construct()
  File "C:\Users\jenny\AppData\Local\Programs\Python\Python310\lib\site-packages\lightgbm\basic.py", line 2574, in construct
    self._lazy_init(
  File "C:\Users\jenny\AppData\Local\Programs\Python\Python310\lib\site-packages\lightgbm\basic.py", line 2189, in _lazy_init
    self.set_label(label)
  File "C:\Users\jenny\AppData\Local\Programs\Python\Python310\lib\site-packages\lightgbm\basic.py", line 3097, in set_label
    self.set_field("label", label_array)
  File "C:\Users\jenny\AppData\Local\Programs\Python\Python310\lib\site-packages\lightgbm\basic.py", line 2860, in set_field
    _LIB.LGBM_DatasetSetField(
OSError: exception: access violation reading 0x0000000000000000


2026-09-11 14:12:56,600:INFO:Initializing Dummy Classifier
2026-09-11 14:12:56,600:INFO:Total runtime is 0.4936198393503825 minutes
2026-09-11 14:12:56,600:INFO:SubProcess create_model() called ==================================
2026-09-11 14:12:56,600:INFO:Initializing create_model()
2026-09-11 14:12:56,602:INFO:create_model(self=<pycaret.classification.oop.ClassificationExperiment object at 0x000002926EB70670>, estimator=dummy, fold=StratifiedKFold(n_splits=10, random_state=None, shuffle=False), round=4, cross_validation=True, predict=True, fit_kwargs={}, groups=None, refit=False, probability_threshold=None, experiment_custom_tags=None, verbose=False, system=False, add_to_model_list=True, metrics=None, display=<pycaret.internal.display.display.CommonDisplay object at 0x000002926EA65060>, model_only=True, return_train_score=False, error_score=0.0, kwargs={})
2026-09-11 14:12:56,602:INFO:Checking exceptions
2026-09-11 14:12:56,602:INFO:Importing libraries
2026-09-11 14:12:56,602:INFO:Copying training dataset
2026-09-11 14:12:56,629:INFO:Defining folds
2026-09-11 14:12:56,629:INFO:Declaring metric variables
2026-09-11 14:12:56,629:INFO:Importing untrained model
2026-09-11 14:12:56,629:INFO:Dummy Classifier Imported successfully
2026-09-11 14:12:56,631:INFO:Starting cross validation
2026-09-11 14:12:56,632:INFO:Cross validating with StratifiedKFold(n_splits=10, random_state=None, shuffle=False), n_jobs=-1
2026-09-11 14:12:57,563:WARNING:C:\Users\jenny\AppData\Local\Programs\Python\Python310\lib\site-packages\sklearn\metrics\_classification.py:1509: UndefinedMetricWarning: Precision is ill-defined and being set to 0.0 due to no predicted samples. Use `zero_division` parameter to control this behavior.
  _warn_prf(average, modifier, f"{metric.capitalize()} is", len(result))

2026-09-11 14:12:57,577:WARNING:C:\Users\jenny\AppData\Local\Programs\Python\Python310\lib\site-packages\sklearn\metrics\_classification.py:1509: UndefinedMetricWarning: Precision is ill-defined and being set to 0.0 due to no predicted samples. Use `zero_division` parameter to control this behavior.
  _warn_prf(average, modifier, f"{metric.capitalize()} is", len(result))

2026-09-11 14:12:57,602:WARNING:C:\Users\jenny\AppData\Local\Programs\Python\Python310\lib\site-packages\sklearn\metrics\_classification.py:1509: UndefinedMetricWarning: Precision is ill-defined and being set to 0.0 due to no predicted samples. Use `zero_division` parameter to control this behavior.
  _warn_prf(average, modifier, f"{metric.capitalize()} is", len(result))

2026-09-11 14:12:57,622:WARNING:C:\Users\jenny\AppData\Local\Programs\Python\Python310\lib\site-packages\sklearn\metrics\_classification.py:1509: UndefinedMetricWarning: Precision is ill-defined and being set to 0.0 due to no predicted samples. Use `zero_division` parameter to control this behavior.
  _warn_prf(average, modifier, f"{metric.capitalize()} is", len(result))

2026-09-11 14:12:57,632:WARNING:C:\Users\jenny\AppData\Local\Programs\Python\Python310\lib\site-packages\sklearn\metrics\_classification.py:1509: UndefinedMetricWarning: Precision is ill-defined and being set to 0.0 due to no predicted samples. Use `zero_division` parameter to control this behavior.
  _warn_prf(average, modifier, f"{metric.capitalize()} is", len(result))

2026-09-11 14:12:57,636:WARNING:C:\Users\jenny\AppData\Local\Programs\Python\Python310\lib\site-packages\sklearn\metrics\_classification.py:1509: UndefinedMetricWarning: Precision is ill-defined and being set to 0.0 due to no predicted samples. Use `zero_division` parameter to control this behavior.
  _warn_prf(average, modifier, f"{metric.capitalize()} is", len(result))

2026-09-11 14:12:57,649:WARNING:C:\Users\jenny\AppData\Local\Programs\Python\Python310\lib\site-packages\sklearn\metrics\_classification.py:1509: UndefinedMetricWarning: Precision is ill-defined and being set to 0.0 due to no predicted samples. Use `zero_division` parameter to control this behavior.
  _warn_prf(average, modifier, f"{metric.capitalize()} is", len(result))

2026-09-11 14:12:57,653:WARNING:C:\Users\jenny\AppData\Local\Programs\Python\Python310\lib\site-packages\sklearn\metrics\_classification.py:1509: UndefinedMetricWarning: Precision is ill-defined and being set to 0.0 due to no predicted samples. Use `zero_division` parameter to control this behavior.
  _warn_prf(average, modifier, f"{metric.capitalize()} is", len(result))

2026-09-11 14:12:57,685:WARNING:C:\Users\jenny\AppData\Local\Programs\Python\Python310\lib\site-packages\sklearn\metrics\_classification.py:1509: UndefinedMetricWarning: Precision is ill-defined and being set to 0.0 due to no predicted samples. Use `zero_division` parameter to control this behavior.
  _warn_prf(average, modifier, f"{metric.capitalize()} is", len(result))

2026-09-11 14:12:57,713:INFO:Calculating mean and std
2026-09-11 14:12:57,713:INFO:Creating metrics dataframe
2026-09-11 14:12:57,717:INFO:Uploading results into container
2026-09-11 14:12:57,717:INFO:Uploading model into container now
2026-09-11 14:12:57,719:INFO:_master_model_container: 13
2026-09-11 14:12:57,719:INFO:_display_container: 2
2026-09-11 14:12:57,719:INFO:DummyClassifier(constant=None, random_state=4529, strategy='prior')
2026-09-11 14:12:57,719:INFO:create_model() successfully completed......................................
2026-09-11 14:12:57,814:INFO:SubProcess create_model() end ==================================
2026-09-11 14:12:57,814:INFO:Creating metrics dataframe
2026-09-11 14:12:57,821:WARNING:C:\Users\jenny\AppData\Local\Programs\Python\Python310\lib\site-packages\pycaret\internal\pycaret_experiment\supervised_experiment.py:323: FutureWarning: Styler.applymap has been deprecated. Use Styler.map instead.
  master_display_.apply(

2026-09-11 14:12:57,823:INFO:Initializing create_model()
2026-09-11 14:12:57,823:INFO:create_model(self=<pycaret.classification.oop.ClassificationExperiment object at 0x000002926EB70670>, estimator=DummyClassifier(constant=None, random_state=4529, strategy='prior'), fold=StratifiedKFold(n_splits=10, random_state=None, shuffle=False), round=4, cross_validation=False, predict=False, fit_kwargs={}, groups=None, refit=True, probability_threshold=None, experiment_custom_tags=None, verbose=False, system=False, add_to_model_list=True, metrics=None, display=None, model_only=True, return_train_score=False, error_score=0.0, kwargs={})
2026-09-11 14:12:57,823:INFO:Checking exceptions
2026-09-11 14:12:57,825:INFO:Importing libraries
2026-09-11 14:12:57,825:INFO:Copying training dataset
2026-09-11 14:12:57,849:INFO:Defining folds
2026-09-11 14:12:57,853:INFO:Declaring metric variables
2026-09-11 14:12:57,853:INFO:Importing untrained model
2026-09-11 14:12:57,853:INFO:Declaring custom model
2026-09-11 14:12:57,853:INFO:Dummy Classifier Imported successfully
2026-09-11 14:12:57,856:INFO:Cross validation set to False
2026-09-11 14:12:57,856:INFO:Fitting Model
2026-09-11 14:12:58,055:INFO:DummyClassifier(constant=None, random_state=4529, strategy='prior')
2026-09-11 14:12:58,055:INFO:create_model() successfully completed......................................
2026-09-11 14:12:58,168:INFO:_master_model_container: 13
2026-09-11 14:12:58,168:INFO:_display_container: 2
2026-09-11 14:12:58,168:INFO:DummyClassifier(constant=None, random_state=4529, strategy='prior')
2026-09-11 14:12:58,168:INFO:compare_models() successfully completed......................................
2026-09-11 14:12:58,168:INFO:Initializing create_model()
2026-09-11 14:12:58,168:INFO:create_model(self=<pycaret.classification.oop.ClassificationExperiment object at 0x000002926EB70670>, estimator=DummyClassifier(constant=None, random_state=4529, strategy='prior'), fold=None, round=4, cross_validation=True, predict=True, fit_kwargs=None, groups=None, refit=True, probability_threshold=None, experiment_custom_tags=None, verbose=True, system=True, add_to_model_list=True, metrics=None, display=None, model_only=True, return_train_score=False, error_score=0.0, kwargs={})
2026-09-11 14:12:58,168:INFO:Checking exceptions
2026-09-11 14:12:58,169:INFO:Importing libraries
2026-09-11 14:12:58,171:INFO:Copying training dataset
2026-09-11 14:12:58,198:INFO:Defining folds
2026-09-11 14:12:58,198:INFO:Declaring metric variables
2026-09-11 14:12:58,198:INFO:Importing untrained model
2026-09-11 14:12:58,198:INFO:Declaring custom model
2026-09-11 14:12:58,199:INFO:Dummy Classifier Imported successfully
2026-09-11 14:12:58,200:INFO:Starting cross validation
2026-09-11 14:12:58,202:INFO:Cross validating with StratifiedKFold(n_splits=10, random_state=None, shuffle=False), n_jobs=-1
2026-09-11 14:12:59,098:WARNING:C:\Users\jenny\AppData\Local\Programs\Python\Python310\lib\site-packages\sklearn\metrics\_classification.py:1509: UndefinedMetricWarning: Precision is ill-defined and being set to 0.0 due to no predicted samples. Use `zero_division` parameter to control this behavior.
  _warn_prf(average, modifier, f"{metric.capitalize()} is", len(result))

2026-09-11 14:12:59,125:WARNING:C:\Users\jenny\AppData\Local\Programs\Python\Python310\lib\site-packages\sklearn\metrics\_classification.py:1509: UndefinedMetricWarning: Precision is ill-defined and being set to 0.0 due to no predicted samples. Use `zero_division` parameter to control this behavior.
  _warn_prf(average, modifier, f"{metric.capitalize()} is", len(result))

2026-09-11 14:12:59,127:WARNING:C:\Users\jenny\AppData\Local\Programs\Python\Python310\lib\site-packages\sklearn\metrics\_classification.py:1509: UndefinedMetricWarning: Precision is ill-defined and being set to 0.0 due to no predicted samples. Use `zero_division` parameter to control this behavior.
  _warn_prf(average, modifier, f"{metric.capitalize()} is", len(result))

2026-09-11 14:12:59,129:WARNING:C:\Users\jenny\AppData\Local\Programs\Python\Python310\lib\site-packages\sklearn\metrics\_classification.py:1509: UndefinedMetricWarning: Precision is ill-defined and being set to 0.0 due to no predicted samples. Use `zero_division` parameter to control this behavior.
  _warn_prf(average, modifier, f"{metric.capitalize()} is", len(result))

2026-09-11 14:12:59,135:WARNING:C:\Users\jenny\AppData\Local\Programs\Python\Python310\lib\site-packages\sklearn\metrics\_classification.py:1509: UndefinedMetricWarning: Precision is ill-defined and being set to 0.0 due to no predicted samples. Use `zero_division` parameter to control this behavior.
  _warn_prf(average, modifier, f"{metric.capitalize()} is", len(result))

2026-09-11 14:12:59,155:WARNING:C:\Users\jenny\AppData\Local\Programs\Python\Python310\lib\site-packages\sklearn\metrics\_classification.py:1509: UndefinedMetricWarning: Precision is ill-defined and being set to 0.0 due to no predicted samples. Use `zero_division` parameter to control this behavior.
  _warn_prf(average, modifier, f"{metric.capitalize()} is", len(result))

2026-09-11 14:12:59,155:WARNING:C:\Users\jenny\AppData\Local\Programs\Python\Python310\lib\site-packages\sklearn\metrics\_classification.py:1509: UndefinedMetricWarning: Precision is ill-defined and being set to 0.0 due to no predicted samples. Use `zero_division` parameter to control this behavior.
  _warn_prf(average, modifier, f"{metric.capitalize()} is", len(result))

2026-09-11 14:12:59,157:WARNING:C:\Users\jenny\AppData\Local\Programs\Python\Python310\lib\site-packages\sklearn\metrics\_classification.py:1509: UndefinedMetricWarning: Precision is ill-defined and being set to 0.0 due to no predicted samples. Use `zero_division` parameter to control this behavior.
  _warn_prf(average, modifier, f"{metric.capitalize()} is", len(result))

2026-09-11 14:12:59,159:WARNING:C:\Users\jenny\AppData\Local\Programs\Python\Python310\lib\site-packages\sklearn\metrics\_classification.py:1509: UndefinedMetricWarning: Precision is ill-defined and being set to 0.0 due to no predicted samples. Use `zero_division` parameter to control this behavior.
  _warn_prf(average, modifier, f"{metric.capitalize()} is", len(result))

2026-09-11 14:12:59,169:WARNING:C:\Users\jenny\AppData\Local\Programs\Python\Python310\lib\site-packages\sklearn\metrics\_classification.py:1509: UndefinedMetricWarning: Precision is ill-defined and being set to 0.0 due to no predicted samples. Use `zero_division` parameter to control this behavior.
  _warn_prf(average, modifier, f"{metric.capitalize()} is", len(result))

2026-09-11 14:12:59,194:INFO:Calculating mean and std
2026-09-11 14:12:59,196:INFO:Creating metrics dataframe
2026-09-11 14:12:59,198:INFO:Finalizing model
2026-09-11 14:12:59,377:INFO:Uploading results into container
2026-09-11 14:12:59,379:INFO:Uploading model into container now
2026-09-11 14:12:59,397:INFO:_master_model_container: 14
2026-09-11 14:12:59,397:INFO:_display_container: 3
2026-09-11 14:12:59,398:INFO:DummyClassifier(constant=None, random_state=4529, strategy='prior')
2026-09-11 14:12:59,399:INFO:create_model() successfully completed......................................
2026-09-11 14:12:59,576:INFO:Initializing finalize_model()
2026-09-11 14:12:59,576:INFO:finalize_model(self=<pycaret.classification.oop.ClassificationExperiment object at 0x000002926EB70670>, estimator=DummyClassifier(constant=None, random_state=4529, strategy='prior'), fit_kwargs=None, groups=None, model_only=False, experiment_custom_tags=None)
2026-09-11 14:12:59,577:INFO:Finalizing DummyClassifier(constant=None, random_state=4529, strategy='prior')
2026-09-11 14:12:59,589:INFO:Initializing create_model()
2026-09-11 14:12:59,589:INFO:create_model(self=<pycaret.classification.oop.ClassificationExperiment object at 0x000002926EB70670>, estimator=DummyClassifier(constant=None, random_state=4529, strategy='prior'), fold=None, round=4, cross_validation=False, predict=False, fit_kwargs={}, groups=None, refit=True, probability_threshold=None, experiment_custom_tags=None, verbose=False, system=False, add_to_model_list=False, metrics=None, display=None, model_only=False, return_train_score=False, error_score=0.0, kwargs={})
2026-09-11 14:12:59,589:INFO:Checking exceptions
2026-09-11 14:12:59,590:INFO:Importing libraries
2026-09-11 14:12:59,590:INFO:Copying training dataset
2026-09-11 14:12:59,591:INFO:Defining folds
2026-09-11 14:12:59,591:INFO:Declaring metric variables
2026-09-11 14:12:59,592:INFO:Importing untrained model
2026-09-11 14:12:59,592:INFO:Declaring custom model
2026-09-11 14:12:59,592:INFO:Dummy Classifier Imported successfully
2026-09-11 14:12:59,594:INFO:Cross validation set to False
2026-09-11 14:12:59,594:INFO:Fitting Model
2026-09-11 14:12:59,916:INFO:Pipeline(memory=Memory(location=None),
         steps=[('numerical_imputer',
                 TransformerWrapper(exclude=None,
                                    include=['grade', 'obsnum',
                                             'totalobs-forsession',
                                             'transitions', 'numactivities',
                                             'formatchanges', 'numformats',
                                             'obsv/act',
                                             'transitions/durations',
                                             'total time'],
                                    transformer=SimpleImputer(add_indicator=False,
                                                              copy=True,
                                                              fill_value=None,
                                                              keep_empty_features=False...
                 TransformerWrapper(exclude=None, include=None,
                                    transformer=FixImbalancer(estimator=SMOTE(k_neighbors=5,
                                                                              random_state=None,
                                                                              sampling_strategy='auto')))),
                ('clean_column_names',
                 TransformerWrapper(exclude=None, include=None,
                                    transformer=CleanColumnNames(match='[\\]\\[\\,\\{\\}\\"\\:]+'))),
                ('actual_estimator',
                 DummyClassifier(constant=None, random_state=4529,
                                 strategy='prior'))],
         verbose=False)
2026-09-11 14:12:59,916:INFO:create_model() successfully completed......................................
2026-09-11 14:13:00,008:INFO:_master_model_container: 14
2026-09-11 14:13:00,008:INFO:_display_container: 3
2026-09-11 14:13:00,017:INFO:Pipeline(memory=Memory(location=None),
         steps=[('numerical_imputer',
                 TransformerWrapper(exclude=None,
                                    include=['grade', 'obsnum',
                                             'totalobs-forsession',
                                             'transitions', 'numactivities',
                                             'formatchanges', 'numformats',
                                             'obsv/act',
                                             'transitions/durations',
                                             'total time'],
                                    transformer=SimpleImputer(add_indicator=False,
                                                              copy=True,
                                                              fill_value=None,
                                                              keep_empty_features=False...
                 TransformerWrapper(exclude=None, include=None,
                                    transformer=FixImbalancer(estimator=SMOTE(k_neighbors=5,
                                                                              random_state=None,
                                                                              sampling_strategy='auto')))),
                ('clean_column_names',
                 TransformerWrapper(exclude=None, include=None,
                                    transformer=CleanColumnNames(match='[\\]\\[\\,\\{\\}\\"\\:]+'))),
                ('actual_estimator',
                 DummyClassifier(constant=None, random_state=4529,
                                 strategy='prior'))],
         verbose=False)
2026-09-11 14:13:00,017:INFO:finalize_model() successfully completed......................................
2026-09-11 14:13:00,106:INFO:Initializing predict_model()
2026-09-11 14:13:00,106:INFO:predict_model(self=<pycaret.classification.oop.ClassificationExperiment object at 0x000002926EB70670>, estimator=Pipeline(memory=Memory(location=None),
         steps=[('numerical_imputer',
                 TransformerWrapper(exclude=None,
                                    include=['grade', 'obsnum',
                                             'totalobs-forsession',
                                             'transitions', 'numactivities',
                                             'formatchanges', 'numformats',
                                             'obsv/act',
                                             'transitions/durations',
                                             'total time'],
                                    transformer=SimpleImputer(add_indicator=False,
                                                              copy=True,
                                                              fill_value=None,
                                                              keep_empty_features=False...
                 TransformerWrapper(exclude=None, include=None,
                                    transformer=FixImbalancer(estimator=SMOTE(k_neighbors=5,
                                                                              random_state=None,
                                                                              sampling_strategy='auto')))),
                ('clean_column_names',
                 TransformerWrapper(exclude=None, include=None,
                                    transformer=CleanColumnNames(match='[\\]\\[\\,\\{\\}\\"\\:]+'))),
                ('actual_estimator',
                 DummyClassifier(constant=None, random_state=4529,
                                 strategy='prior'))],
         verbose=False), probability_threshold=None, encoded_labels=False, raw_score=False, round=4, verbose=True, ml_usecase=None, preprocess=True, encode_labels=<function _SupervisedExperiment.predict_model.<locals>.encode_labels at 0x000002926EBE0040>)
2026-09-11 14:13:00,106:INFO:Checking exceptions
2026-09-11 14:13:00,106:INFO:Preloading libraries
2026-09-11 14:13:00,106:INFO:Set up data.
2026-09-11 14:13:00,119:INFO:Set up index.
2026-09-11 14:13:00,154:WARNING:C:\Users\jenny\AppData\Local\Programs\Python\Python310\lib\site-packages\sklearn\metrics\_classification.py:1509: UndefinedMetricWarning: Precision is ill-defined and being set to 0.0 due to no predicted samples. Use `zero_division` parameter to control this behavior.
  _warn_prf(average, modifier, f"{metric.capitalize()} is", len(result))

